symbol,name_at_list_snapshot,listed_date,delisting_or_suspension_date,terminal_date_field,cohort,bars,first_date,last_date,st_rows,suspended_rows,fetch_error
000004.SZ,国华退,1990-12-01,2026-07-14,终止上市日期,delisted_2019_2026_development,1824,2019-01-02,2026-07-13,555,50,
000005.SZ,ST星源,1990-12-10,2024-04-26,终止上市日期,delisted_2019_2026_development,1290,2019-01-02,2024-04-26,724,37,
000018.SZ,神城A退,1992-06-16,2020-01-07,终止上市日期,delisted_2019_2026_development,248,2019-01-02,2020-01-07,138,19,
000023.SZ,*ST深天,1993-04-29,2024-09-02,终止上市日期,delisted_2019_2026_development,1377,2019-01-02,2024-09-02,325,30,
000038.SZ,大通退,1994-08-08,2023-07-12,终止上市日期,delisted_2019_2026_development,1098,2019-01-02,2023-07-12,274,34,
000040.SZ,*ST旭蓝,1994-08-08,2025-04-30,终止上市日期,delisted_2019_2026_development,1534,2019-01-02,2025-04-30,196,119,
000046.SZ,*ST泛海,1994-09-12,2024-02-07,终止上市日期,delisted_2019_2026_development,1241,2019-01-02,2024-02-07,189,30,
000150.SZ,*ST宜康,2000-08-07,2023-06-09,终止上市日期,delisted_2019_2026_development,1077,2019-01-02,2023-06-09,268,30,
000413.SZ,ST旭电,1996-09-25,2024-10-11,终止上市日期,delisted_2019_2026_development,1399,2019-01-02,2024-10-11,62,95,
000416.SZ,*ST民控,1996-07-19,2024-06-05,终止上市日期,delisted_2019_2026_development,1315,2019-01-02,2024-06-05,266,28,
000418.SZ,小天鹅Ａ,1997-03-28,2019-06-21,终止上市日期,delisted_2019_2026_development,113,2019-01-02,2019-06-21,0,33,
000502.SZ,绿景退,1992-11-23,2022-06-27,终止上市日期,delisted_2019_2026_development,844,2019-01-02,2022-06-27,262,33,
000540.SZ,*ST中天,1994-02-02,2023-06-30,终止上市日期,delisted_2019_2026_development,1090,2019-01-02,2023-06-30,38,30,
000584.SZ,工智退,1995-11-28,2025-07-11,终止上市日期,delisted_2019_2026_development,1581,2019-01-02,2025-07-10,515,47,
000585.SZ,东电退,1995-12-13,2022-05-24,终止上市日期,delisted_2019_2026_development,821,2019-01-02,2022-05-24,805,21,
000587.SZ,*ST金洲,1996-04-25,2023-04-03,终止上市日期,delisted_2019_2026_development,1032,2019-01-02,2023-04-03,707,43,
000606.SZ,顺利退,1996-10-04,2023-07-06,终止上市日期,delisted_2019_2026_development,1094,2019-01-02,2023-07-06,512,31,
000611.SZ,天首退,1996-10-08,2022-06-28,终止上市日期,delisted_2019_2026_development,845,2019-01-02,2022-06-28,750,26,
000613.SZ,东海A退,1997-01-28,2022-06-29,终止上市日期,delisted_2019_2026_development,846,2019-01-02,2022-06-29,268,35,
000616.SZ,*ST海投,1996-11-08,2023-08-23,终止上市日期,delisted_2019_2026_development,1128,2019-01-02,2023-08-23,561,51,
000622.SZ,恒立退,1996-11-07,2025-07-16,终止上市日期,delisted_2019_2026_development,1584,2019-01-02,2025-07-15,277,36,
000627.SZ,*ST天茂,1996-11-12,2025-09-30,终止上市日期,delisted_2019_2026_development,1638,2019-01-02,2025-09-29,60,89,
000638.SZ,*ST万方,1996-11-26,2026-06-03,终止上市日期,delisted_2019_2026_development,1796,2019-01-02,2026-06-02,583,36,
000662.SZ,天夏退,1996-12-16,2021-04-12,终止上市日期,delisted_2019_2026_development,552,2019-01-02,2021-04-12,160,28,
000666.SZ,经纬纺机,1996-12-10,2023-10-26,终止上市日期,delisted_2019_2026_development,1168,2019-01-02,2023-10-26,0,36,
000667.SZ,ST美置,1996-12-05,2023-07-14,终止上市日期,delisted_2019_2026_development,1100,2019-01-02,2023-07-14,49,35,
000671.SZ,ST阳光城,1996-12-18,2023-08-16,终止上市日期,delisted_2019_2026_development,1123,2019-01-02,2023-08-16,72,47,
000673.SZ,当代退,1997-01-24,2022-07-04,终止上市日期,delisted_2019_2026_development,849,2019-01-02,2022-07-04,512,28,
000687.SZ,华讯退,1997-02-21,2022-06-17,终止上市日期,delisted_2019_2026_development,838,2019-01-02,2022-06-17,470,24,
000693.SZ,华泽退,1997-02-26,2019-07-09,终止上市日期,delisted_2019_2026_development,125,2019-01-02,2019-07-09,94,95,
000732.SZ,ST泰禾,1997-07-04,2023-08-04,终止上市日期,delisted_2019_2026_development,1115,2019-01-02,2023-08-04,307,53,
000760.SZ,斯太退,1997-06-27,2021-07-23,终止上市日期,delisted_2019_2026_development,622,2019-01-02,2021-07-23,512,249,
000780.SZ,ST平能,1997-06-06,2022-01-24,终止上市日期,delisted_2019_2026_development,745,2019-01-02,2022-01-24,422,39,
000806.SZ,银河退,1998-04-16,2023-07-06,终止上市日期,delisted_2019_2026_development,1094,2019-01-02,2023-07-06,1021,33,
000835.SZ,长动退,1999-06-25,2022-05-23,终止上市日期,delisted_2019_2026_development,820,2019-01-02,2022-05-23,445,23,
000836.SZ,ST富通,1997-09-29,2024-08-12,终止上市日期,delisted_2019_2026_development,1362,2019-01-02,2024-08-12,70,41,
000851.SZ,*ST高鸿,1998-06-09,2025-11-11,终止上市日期,delisted_2019_2026_development,1662,2019-01-02,2025-11-10,370,27,
000861.SZ,海印股份,1998-10-28,2024-09-18,终止上市日期,delisted_2019_2026_development,1387,2019-01-02,2024-09-18,0,40,
000918.SZ,*ST嘉凯,1999-07-20,2023-07-28,终止上市日期,delisted_2019_2026_development,1110,2019-01-02,2023-07-28,59,45,
000939.SZ,凯迪退,1999-09-23,2020-12-17,终止上市日期,delisted_2019_2026_development,477,2019-01-02,2020-12-17,446,370,
000961.SZ,ST中南,2000-03-01,2024-07-11,终止上市日期,delisted_2019_2026_development,1340,2019-01-02,2024-07-11,53,46,
000971.SZ,*ST高升,2000-04-27,2024-07-24,终止上市日期,delisted_2019_2026_development,1349,2019-01-02,2024-07-24,1292,39,
000976.SZ,*ST华铁,2000-06-01,2024-08-27,终止上市日期,delisted_2019_2026_development,1373,2019-01-02,2024-08-27,321,82,
000982.SZ,中银绒业,2000-07-06,2024-08-12,终止上市日期,delisted_2019_2026_development,1362,2019-01-02,2024-08-12,589,43,
000996.SZ,中期退,2000-07-18,2024-06-28,终止上市日期,delisted_2019_2026_development,1331,2019-01-02,2024-06-28,264,50,
002002.SZ,ST鸿达,2004-06-25,2024-03-18,终止上市日期,delisted_2019_2026_development,1263,2019-01-02,2024-03-18,106,37,
002013.SZ,中航机电,2004-07-05,2023-03-17,终止上市日期,delisted_2019_2026_development,1021,2019-01-02,2023-03-17,0,39,
002018.SZ,华信退,2004-07-13,2019-11-01,终止上市日期,delisted_2019_2026_development,202,2019-01-02,2019-11-01,171,19,
002070.SZ,众和退,2006-10-12,2019-07-09,终止上市日期,delisted_2019_2026_development,125,2019-01-02,2019-07-09,94,95,
002071.SZ,长城退,2006-10-12,2021-05-07,终止上市日期,delisted_2019_2026_development,568,2019-01-02,2021-05-07,181,33,
002087.SZ,新纺退,2006-11-30,2024-06-28,终止上市日期,delisted_2019_2026_development,1331,2019-01-02,2024-06-28,264,27,
002089.SZ,新海退,2006-11-30,2024-04-18,终止上市日期,delisted_2019_2026_development,1284,2019-01-02,2024-04-18,1189,38,
002113.SZ,*ST天润,2007-02-08,2023-08-11,终止上市日期,delisted_2019_2026_development,1120,2019-01-02,2023-08-11,1063,46,
002118.SZ,*ST紫鑫,2007-03-02,2023-08-04,终止上市日期,delisted_2019_2026_development,1115,2019-01-02,2023-08-04,63,74,
002143.SZ,印纪退,2007-07-20,2019-11-29,终止上市日期,delisted_2019_2026_development,222,2019-01-02,2019-11-29,129,23,
002147.SZ,新光退,2007-08-08,2022-06-23,终止上市日期,delisted_2019_2026_development,842,2019-01-02,2022-06-23,826,21,
002220.SZ,天宝退,2008-02-28,2020-08-11,终止上市日期,delisted_2019_2026_development,391,2019-01-02,2020-08-11,265,20,
002231.SZ,*ST奥维,2008-05-12,2026-03-27,终止上市日期,delisted_2019_2026_development,1752,2019-01-02,2026-03-26,219,35,
002260.SZ,德奥退,2008-07-16,2022-06-17,终止上市日期,delisted_2019_2026_development,838,2019-01-02,2022-06-17,807,731,
002280.SZ,ST联络,2009-08-21,2024-08-16,终止上市日期,delisted_2019_2026_development,1366,2019-01-02,2024-08-16,294,40,
002288.SZ,*ST超华,2009-09-03,2024-08-19,终止上市日期,delisted_2019_2026_development,1367,2019-01-02,2024-08-19,74,49,
002308.SZ,*ST威创,2009-11-27,2024-09-27,终止上市日期,delisted_2019_2026_development,1394,2019-01-02,2024-09-27,56,74,
002325.SZ,*ST洪涛,2009-12-22,2024-08-15,终止上市日期,delisted_2019_2026_development,1365,2019-01-02,2024-08-15,72,35,
002336.SZ,人乐退,2010-01-13,2025-07-04,终止上市日期,delisted_2019_2026_development,1576,2019-01-02,2025-07-03,787,45,
002341.SZ,ST新纶,2010-01-22,2024-08-23,终止上市日期,delisted_2019_2026_development,1371,2019-01-02,2024-08-23,79,44,
002359.SZ,北讯退,2010-02-10,2021-07-23,终止上市日期,delisted_2019_2026_development,622,2019-01-02,2021-07-23,512,235,
002411.SZ,必康退,2010-05-25,2023-07-12,终止上市日期,delisted_2019_2026_development,1098,2019-01-02,2023-07-12,235,73,
002417.SZ,深南退,2010-06-01,2023-07-10,终止上市日期,delisted_2019_2026_development,1096,2019-01-02,2023-07-10,280,42,
002433.SZ,太安退,2010-06-18,2024-07-05,终止上市日期,delisted_2019_2026_development,1336,2019-01-02,2024-07-05,411,61,
002435.SZ,ST长康,2010-06-18,2024-08-15,终止上市日期,delisted_2019_2026_development,1365,2019-01-02,2024-08-15,73,34,
002447.SZ,晨鑫退,2010-07-13,2022-06-27,终止上市日期,delisted_2019_2026_development,844,2019-01-02,2022-06-27,505,23,
002450.SZ,康得退,2010-07-16,2021-05-31,终止上市日期,delisted_2019_2026_development,584,2019-01-02,2021-05-31,538,433,
002464.SZ,众应退,2010-08-31,2022-06-28,终止上市日期,delisted_2019_2026_development,845,2019-01-02,2022-06-28,268,25,
002473.SZ,圣莱退,2010-09-10,2022-06-22,终止上市日期,delisted_2019_2026_development,841,2019-01-02,2022-06-22,495,22,
002477.SZ,雏鹰退,2010-09-15,2019-10-16,终止上市日期,delisted_2019_2026_development,190,2019-01-02,2019-10-16,83,19,
002499.SZ,科林退,2010-11-09,2023-04-18,终止上市日期,delisted_2019_2026_development,1042,2019-01-02,2023-04-18,950,38,
002502.SZ,ST鼎龙,2010-11-17,2024-09-05,终止上市日期,delisted_2019_2026_development,1380,2019-01-02,2024-09-05,586,40,
002503.SZ,*ST搜特,2010-11-17,2023-08-11,终止上市日期,delisted_2019_2026_development,1120,2019-01-02,2023-08-11,72,59,
002504.SZ,*ST弘高,2010-11-18,2023-08-21,终止上市日期,delisted_2019_2026_development,1126,2019-01-02,2023-08-21,565,50,
002505.SZ,鹏都农牧,2010-11-18,2024-08-30,终止上市日期,delisted_2019_2026_development,1376,2019-01-02,2024-08-30,0,43,
002509.SZ,天茂退,2010-11-23,2020-07-20,终止上市日期,delisted_2019_2026_development,375,2019-01-02,2020-07-20,0,18,
002604.SZ,龙力退,2011-07-28,2020-07-15,终止上市日期,delisted_2019_2026_development,372,2019-01-02,2020-07-15,341,264,
002610.SZ,ST爱康,2011-08-15,2024-08-12,终止上市日期,delisted_2019_2026_development,1362,2019-01-02,2024-08-12,70,50,
002618.SZ,丹邦退,2011-09-20,2022-06-22,终止上市日期,delisted_2019_2026_development,841,2019-01-02,2022-06-22,260,20,
002619.SZ,*ST艾格,2011-09-29,2022-04-28,终止上市日期,delisted_2019_2026_development,806,2019-01-02,2022-04-28,240,24,
002621.SZ,*ST美吉,2011-09-29,2024-08-05,终止上市日期,delisted_2019_2026_development,1357,2019-01-02,2024-08-05,64,38,
002665.SZ,ST航高,2012-03-27,2024-08-26,终止上市日期,delisted_2019_2026_development,1372,2019-01-02,2024-08-26,81,43,
002680.SZ,长生退,2012-06-05,2019-11-27,终止上市日期,delisted_2019_2026_development,220,2019-01-02,2019-11-27,189,160,
002684.SZ,猛狮退,2012-06-12,2022-06-27,终止上市日期,delisted_2019_2026_development,844,2019-01-02,2022-06-27,749,25,
002699.SZ,*ST美盛,2012-09-11,2024-06-05,终止上市日期,delisted_2019_2026_development,1315,2019-01-02,2024-06-05,486,28,
002711.SZ,欧浦退,2014-01-27,2021-07-15,终止上市日期,delisted_2019_2026_development,616,2019-01-02,2021-07-15,511,266,
002740.SZ,*ST爱迪,2015-01-22,2024-03-04,终止上市日期,delisted_2019_2026_development,1253,2019-01-02,2024-03-04,445,27,
002750.SZ,龙津退,2015-03-24,2025-06-27,终止上市日期,delisted_2019_2026_development,1571,2019-01-02,2025-06-26,264,27,
002751.SZ,易尚退,2015-04-24,2023-07-13,终止上市日期,delisted_2019_2026_development,1099,2019-01-02,2023-07-13,275,35,
002770.SZ,科迪退,2015-06-30,2022-06-23,终止上市日期,delisted_2019_2026_development,842,2019-01-02,2022-06-23,467,29,
002776.SZ,*ST柏龙,2015-06-26,2024-01-25,终止上市日期,delisted_2019_2026_development,1232,2019-01-02,2024-01-25,682,64,
002781.SZ,奇信退,2015-12-22,2023-07-05,终止上市日期,delisted_2019_2026_development,1093,2019-01-02,2023-07-05,278,40,
002808.SZ,恒久退,2016-08-12,2026-07-14,终止上市日期,delisted_2019_2026_development,1824,2019-01-02,2026-07-13,758,35,
002898.SZ,赛隆退,2017-09-12,2026-07-17,终止上市日期,delisted_2019_2026_development,1827,2019-01-02,2026-07-16,281,37,
600068.SH,葛洲坝,1997-05-26,2021-09-13,暂停上市日期,delisted_2019_2026_development,658,2019-01-02,2021-09-13,0,19,
600069.SH,退市银鸽,1997-04-30,2020-08-28,暂停上市日期,delisted_2019_2026_development,403,2019-01-02,2020-08-27,46,26,
600070.SH,*ST富润,1997-06-04,2025-04-30,暂停上市日期,delisted_2019_2026_development,1534,2019-01-02,2025-04-30,483,20,
600074.SH,退市保千,1997-06-23,2020-06-03,暂停上市日期,delisted_2019_2026_development,343,2019-01-02,2020-06-02,308,237,
600077.SH,*ST宋都,1997-05-20,2023-07-25,暂停上市日期,delisted_2019_2026_development,1107,2019-01-02,2023-07-25,55,29,
600083.SH,*ST博信,1997-06-06,2025-03-05,暂停上市日期,delisted_2019_2026_development,1495,2019-01-02,2025-03-05,760,31,
600086.SH,退市金钰,1997-06-06,2021-03-18,暂停上市日期,delisted_2019_2026_development,535,2019-01-02,2021-03-17,142,27,
600090.SH,退市济堂,1997-06-16,2022-07-07,暂停上市日期,delisted_2019_2026_development,852,2019-01-02,2022-07-07,472,45,
600091.SH,退市明科,1997-07-04,2022-06-21,暂停上市日期,delisted_2019_2026_development,840,2019-01-02,2022-06-21,821,21,
600093.SH,退市易见,1997-06-26,2022-06-23,暂停上市日期,delisted_2019_2026_development,842,2019-01-02,2022-06-23,213,68,
600112.SH,*ST天成,1997-11-27,2024-08-15,暂停上市日期,delisted_2019_2026_development,1365,2019-01-02,2024-08-15,1271,53,
600122.SH,*ST宏图,1998-04-20,2023-06-26,暂停上市日期,delisted_2019_2026_development,1086,2019-01-02,2023-06-26,763,22,
600139.SH,*ST西源,1998-02-25,2023-03-27,暂停上市日期,delisted_2019_2026_development,1027,2019-01-02,2023-03-27,460,22,
600145.SH,退市新亿,1999-09-23,2022-04-28,暂停上市日期,delisted_2019_2026_development,806,2019-01-02,2022-04-28,786,384,
600146.SH,退市环球,1999-07-07,2022-06-30,暂停上市日期,delisted_2019_2026_development,847,2019-01-02,2022-06-30,469,26,
600175.SH,退市美都,1999-04-08,2020-08-17,暂停上市日期,delisted_2019_2026_development,394,2019-01-02,2020-08-14,36,26,
600190.SH,退市锦港,1998-05-19,2025-07-28,暂停上市日期,delisted_2019_2026_development,1591,2019-01-02,2025-07-24,259,63,
600193.SH,退市创兴,1999-05-27,2026-07-06,暂停上市日期,delisted_2019_2026_development,1818,2019-01-02,2026-07-03,863,33,
600200.SH,退市苏吴,1999-04-01,2025-12-31,暂停上市日期,delisted_2019_2026_development,1698,2019-01-02,2025-12-30,148,11,
600209.SH,退市罗顿,1999-03-25,2022-06-22,暂停上市日期,delisted_2019_2026_development,841,2019-01-02,2022-06-22,821,35,
600213.SH,*ST亚星,1999-08-31,2024-10-17,暂停上市日期,delisted_2019_2026_development,1403,2019-01-02,2024-10-17,110,44,
600220.SH,ST阳光,1999-09-27,2024-07-10,暂停上市日期,delisted_2019_2026_development,1339,2019-01-02,2024-07-10,47,20,
600225.SH,退市卓朗,2000-01-27,2025-03-06,暂停上市日期,delisted_2019_2026_development,1496,2019-01-02,2025-03-06,556,37,
600240.SH,退市华业,2000-06-28,2020-02-06,暂停上市日期,delisted_2019_2026_development,263,2019-01-02,2020-02-05,152,25,
600242.SH,退市中昌,2000-12-07,2023-06-29,暂停上市日期,delisted_2019_2026_development,1089,2019-01-02,2023-06-29,708,27,
600247.SH,*ST成城,2000-11-23,2021-03-22,暂停上市日期,delisted_2019_2026_development,538,2019-01-02,2021-03-22,537,20,
600260.SH,*ST凯乐,2000-07-06,2023-02-15,暂停上市日期,delisted_2019_2026_development,999,2019-01-02,2023-02-15,360,11,
600275.SH,退市昌鱼,2000-08-10,2022-06-22,暂停上市日期,delisted_2019_2026_development,841,2019-01-02,2022-06-22,821,20,
600277.SH,ST亿利,2000-07-25,2024-07-18,暂停上市日期,delisted_2019_2026_development,1345,2019-01-02,2024-07-18,53,30,
600290.SH,*ST华仪,2000-11-06,2024-01-16,暂停上市日期,delisted_2019_2026_development,1225,2019-01-02,2024-01-16,984,22,
600291.SH,退市西水,2000-07-31,2022-06-14,暂停上市日期,delisted_2019_2026_development,835,2019-01-02,2022-06-14,249,14,
600297.SH,广汇汽车,2000-11-16,2024-08-28,暂停上市日期,delisted_2019_2026_development,1374,2019-01-02,2024-08-28,0,30,
600306.SH,退市商城,2000-12-26,2024-06-26,暂停上市日期,delisted_2019_2026_development,1329,2019-01-02,2024-06-26,986,47,
600311.SH,*ST荣华,2001-06-26,2023-03-27,暂停上市日期,delisted_2019_2026_development,1027,2019-01-02,2023-03-27,705,20,
600317.SH,营口港,2002-01-31,2021-01-29,暂停上市日期,delisted_2019_2026_development,507,2019-01-02,2021-01-29,0,22,
600321.SH,正源股份,2001-05-24,2024-06-27,暂停上市日期,delisted_2019_2026_development,1330,2019-01-02,2024-06-27,315,21,
600355.SH,*ST精伦,2002-06-13,2026-04-27,暂停上市日期,delisted_2019_2026_development,1772,2019-01-02,2026-04-24,240,15,
600385.SH,退市金泰,2001-07-23,2022-07-07,暂停上市日期,delisted_2019_2026_development,852,2019-01-02,2022-07-07,756,34,
600387.SH,退市海越,2004-02-18,2025-07-11,暂停上市日期,delisted_2019_2026_development,1581,2019-01-02,2025-07-10,890,37,
600393.SH,ST粤泰,2001-03-19,2023-07-18,暂停上市日期,delisted_2019_2026_development,1102,2019-01-02,2023-07-18,320,29,
600401.SH,退市海润,2003-09-24,2019-07-15,暂停上市日期,delisted_2019_2026_development,128,2019-01-02,2019-07-12,94,98,
600421.SH,退市华嵘,2004-06-07,2026-06-26,暂停上市日期,delisted_2019_2026_development,1812,2019-01-02,2026-06-25,857,64,
600462.SH,退市九有,2003-09-03,2025-07-21,暂停上市日期,delisted_2019_2026_development,1587,2019-01-02,2025-07-18,1559,53,
600466.SH,*ST蓝光,2001-02-12,2023-06-06,暂停上市日期,delisted_2019_2026_development,1074,2019-01-02,2023-06-06,23,22,
600485.SH,*ST信威,2003-08-07,2021-06-01,暂停上市日期,delisted_2019_2026_development,585,2019-01-02,2021-06-01,506,397,
600532.SH,退市未来,2002-10-31,2023-06-28,暂停上市日期,delisted_2019_2026_development,1088,2019-01-02,2023-06-28,221,67,
600555.SH,退市海创,1999-01-18,2022-07-14,暂停上市日期,delisted_2019_2026_development,856,2019-01-02,2022-07-13,513,35,
600565.SH,ST迪马,2002-07-23,2024-08-07,暂停上市日期,delisted_2019_2026_development,1359,2019-01-02,2024-08-07,67,34,
600599.SH,退市熊猫,2001-08-28,2026-06-26,暂停上市日期,delisted_2019_2026_development,1812,2019-01-02,2026-06-25,1445,30,
600608.SH,退市沪科,1992-03-27,2026-07-03,暂停上市日期,delisted_2019_2026_development,1817,2019-01-02,2026-07-02,1799,28,
600614.SH,退市鹏起,1992-07-28,2021-07-22,暂停上市日期,delisted_2019_2026_development,620,2019-01-02,2021-07-21,508,234,
600634.SH,退市富控,1993-03-04,2021-07-22,暂停上市日期,delisted_2019_2026_development,620,2019-01-02,2021-07-21,585,131,
600636.SH,退市国化,1993-03-16,2026-06-29,暂停上市日期,delisted_2019_2026_development,1813,2019-01-02,2026-06-26,262,24,
600647.SH,退市同达,1993-05-04,2024-07-03,暂停上市日期,delisted_2019_2026_development,1334,2019-01-02,2024-07-03,263,66,
600652.SH,退市游久,1990-12-19,2022-06-21,暂停上市日期,delisted_2019_2026_development,840,2019-01-02,2022-06-21,742,21,
600677.SH,*ST航通,1993-09-28,2021-03-18,暂停上市日期,delisted_2019_2026_development,536,2019-01-02,2021-03-18,277,215,
600680.SH,*ST上普,1993-10-18,2019-05-24,暂停上市日期,delisted_2019_2026_development,94,2019-01-02,2019-05-24,93,94,
600687.SH,退市刚泰,1993-11-08,2021-03-04,暂停上市日期,delisted_2019_2026_development,525,2019-01-02,2021-03-03,424,19,
600695.SH,退市绿庭,1993-11-22,2022-06-15,暂停上市日期,delisted_2019_2026_development,835,2019-01-02,2022-06-14,257,18,
600696.SH,退市岩石,1993-12-06,2026-06-29,暂停上市日期,delisted_2019_2026_development,1813,2019-01-02,2026-06-26,861,26,
600701.SH,退市工新,1996-05-28,2021-05-06,暂停上市日期,delisted_2019_2026_development,566,2019-01-02,2021-04-30,532,215,
600705.SH,中航产融,1996-05-16,2025-05-27,暂停上市日期,delisted_2019_2026_development,1549,2019-01-02,2025-05-26,0,35,
600723.SH,首商股份,1996-07-16,2021-10-22,暂停上市日期,delisted_2019_2026_development,680,2019-01-02,2021-10-22,0,31,
600747.SH,退市大控,1996-09-16,2019-12-13,暂停上市日期,delisted_2019_2026_development,231,2019-01-02,2019-12-12,197,26,
600766.SH,退市园城,1996-10-28,2024-07-03,暂停上市日期,delisted_2019_2026_development,1334,2019-01-02,2024-07-03,602,71,
600767.SH,退市运盛,1996-11-15,2023-06-29,暂停上市日期,delisted_2019_2026_development,1089,2019-01-02,2023-06-29,897,27,
600781.SH,退市辅仁,1996-12-18,2023-06-28,暂停上市日期,delisted_2019_2026_development,1088,2019-01-02,2023-06-28,904,70,
600804.SH,退市鹏博,1994-01-03,2025-07-03,暂停上市日期,delisted_2019_2026_development,1575,2019-01-02,2025-07-02,752,32,
600811.SH,*ST东方,1994-01-06,2025-04-30,暂停上市日期,delisted_2019_2026_development,1534,2019-01-02,2025-04-30,30,23,
600823.SH,*ST世茂,1994-02-04,2024-06-14,暂停上市日期,delisted_2019_2026_development,1321,2019-01-02,2024-06-14,269,23,
600836.SH,*ST易连,1994-02-24,2024-07-11,暂停上市日期,delisted_2019_2026_development,1340,2019-01-02,2024-07-11,300,21,
600837.SH,海通证券,1994-02-24,2025-03-04,暂停上市日期,delisted_2019_2026_development,1494,2019-01-02,2025-03-04,0,36,
600856.SH,退市中天,1994-04-25,2022-06-22,暂停上市日期,delisted_2019_2026_development,841,2019-01-02,2022-06-22,673,37,
600870.SH,退市厦华,1995-02-28,2022-06-30,暂停上市日期,delisted_2019_2026_development,847,2019-01-02,2022-06-30,827,27,
600890.SH,退市中房,1996-03-18,2022-06-21,暂停上市日期,delisted_2019_2026_development,840,2019-01-02,2022-06-21,274,23,
600891.SH,退市秋林,1996-03-25,2021-05-12,暂停上市日期,delisted_2019_2026_development,571,2019-01-02,2021-05-12,472,262,
600896.SH,退市海医,1996-05-03,2022-07-25,暂停上市日期,delisted_2019_2026_development,864,2019-01-02,2022-07-25,340,44,
600898.SH,*ST美讯,1996-04-18,2025-02-10,暂停上市日期,delisted_2019_2026_development,1478,2019-01-02,2025-02-10,908,20,
600978.SH,*ST宜生,2004-08-24,2021-03-22,暂停上市日期,delisted_2019_2026_development,538,2019-01-02,2021-03-22,214,21,
601028.SH,玉龙股份,2011-11-07,2025-05-27,暂停上市日期,delisted_2019_2026_development,1549,2019-01-02,2025-05-26,0,42,
601258.SH,*ST庞大,2011-04-28,2023-06-30,暂停上市日期,delisted_2019_2026_development,1090,2019-01-02,2023-06-30,446,30,
601558.SH,退市锐电,2011-01-13,2020-07-03,暂停上市日期,delisted_2019_2026_development,363,2019-01-02,2020-07-02,328,23,
601989.SH,中国重工,2009-12-16,2025-09-05,暂停上市日期,delisted_2019_2026_development,1621,2019-01-02,2025-09-04,0,27,
603003.SH,退市龙宇,2012-08-17,2025-07-03,暂停上市日期,delisted_2019_2026_development,1575,2019-01-02,2025-07-02,266,28,
603056.SH,德邦股份,2018-01-16,2026-03-31,暂停上市日期,delisted_2019_2026_development,1754,2019-01-02,2026-03-30,0,56,
603133.SH,退市碳元,2017-03-20,2024-07-03,暂停上市日期,delisted_2019_2026_development,1334,2019-01-02,2024-07-03,265,37,
603157.SH,退市拉夏,2017-09-25,2022-05-24,暂停上市日期,delisted_2019_2026_development,821,2019-01-02,2022-05-24,440,20,
603388.SH,*ST元成,2017-03-24,2025-12-05,暂停上市日期,delisted_2019_2026_development,1680,2019-01-02,2025-12-04,389,20,
603555.SH,ST贵人,2014-01-24,2024-03-29,暂停上市日期,delisted_2019_2026_development,1272,2019-01-02,2024-03-29,721,20,
603603.SH,退市博天,2017-02-17,2024-04-25,暂停上市日期,delisted_2019_2026_development,1289,2019-01-02,2024-04-25,461,62,
603963.SH,*ST大药,2017-09-22,2025-03-21,暂停上市日期,delisted_2019_2026_development,1507,2019-01-02,2025-03-21,216,33,
603996.SH,退市中新,2015-12-22,2022-05-24,暂停上市日期,delisted_2019_2026_development,821,2019-01-02,2022-05-24,705,22,
605081.SH,退市太和,2021-02-09,2026-07-03,暂停上市日期,delisted_2019_2026_development,1304,2021-02-09,2026-07-02,267,33,
