symbol,name,stratum,bars,first_date,last_date,fetch_error
000062.SZ,深圳华强,SZ-main,907,2023-01-03,2026-09-29,
000301.SZ,东方盛虹,SZ-main,907,2023-01-03,2026-09-29,
000498.SZ,山东路桥,SZ-main,907,2023-01-03,2026-09-29,
000530.SZ,冰山冷热,SZ-main,907,2023-01-03,2026-09-29,
000539.SZ,粤电力Ａ,SZ-main,907,2023-01-03,2026-09-29,
000547.SZ,航天发展,SZ-main,907,2023-01-03,2026-09-29,
000548.SZ,湖南投资,SZ-main,907,2023-01-03,2026-09-29,
000553.SZ,安道麦A,SZ-main,907,2023-01-03,2026-09-29,
000595.SZ,新能股份,SZ-main,900,2023-01-03,2026-09-29,
000628.SZ,高新发展,SZ-main,897,2023-01-03,2026-09-29,
000650.SZ,仁和药业,SZ-main,907,2023-01-03,2026-09-29,
000688.SZ,国城矿业,SZ-main,907,2023-01-03,2026-09-29,
000733.SZ,振华科技,SZ-main,907,2023-01-03,2026-09-29,
000762.SZ,西藏矿业,SZ-main,907,2023-01-03,2026-09-29,
000791.SZ,甘肃能源,SZ-main,898,2023-01-03,2026-09-29,
000797.SZ,中国武夷,SZ-main,907,2023-01-03,2026-09-29,
000819.SZ,岳阳兴长,SZ-main,907,2023-01-03,2026-09-29,
000822.SZ,山东海化,SZ-main,907,2023-01-03,2026-09-29,
000833.SZ,粤桂股份,SZ-main,907,2023-01-03,2026-09-29,
000881.SZ,中广核技,SZ-main,902,2023-01-03,2026-09-29,
000887.SZ,中鼎股份,SZ-main,907,2023-01-03,2026-09-29,
000892.SZ,欢瑞世纪,SZ-main,907,2023-01-03,2026-09-29,
000910.SZ,大亚圣象,SZ-main,907,2023-01-03,2026-09-29,
000972.SZ,中基健康,SZ-main,894,2023-01-03,2026-09-29,
000977.SZ,浪潮信息,SZ-main,907,2023-01-03,2026-09-29,
000997.SZ,新 大 陆,SZ-main,907,2023-01-03,2026-09-29,
001202.SZ,炬申股份,SZ-main,907,2023-01-03,2026-09-29,
001206.SZ,依依股份,SZ-main,898,2023-01-03,2026-09-29,
001207.SZ,联科科技,SZ-main,907,2023-01-03,2026-09-29,
001209.SZ,洪兴股份,SZ-main,907,2023-01-03,2026-09-29,
001217.SZ,华尔泰,SZ-main,907,2023-01-03,2026-09-29,
001228.SZ,永泰运,SZ-main,907,2023-01-03,2026-09-29,
001238.SZ,浙江正特,SZ-main,907,2023-01-03,2026-09-29,
001256.SZ,炜冈科技,SZ-main,907,2023-01-03,2026-09-29,
001268.SZ,联合精密,SZ-main,907,2023-01-03,2026-09-29,
001279.SZ,强邦新材,SZ-main,481,2024-10-11,2026-09-29,
001296.SZ,长江材料,SZ-main,907,2023-01-03,2026-09-29,
001317.SZ,三羊马,SZ-main,907,2023-01-03,2026-09-29,
001326.SZ,联域股份,SZ-main,702,2023-11-09,2026-09-29,
001336.SZ,楚环科技,SZ-main,907,2023-01-03,2026-09-29,
001339.SZ,智微智能,SZ-main,907,2023-01-03,2026-09-29,
001367.SZ,海森药业,SZ-main,844,2023-04-10,2026-09-29,
001378.SZ,德冠新材,SZ-main,710,2023-10-30,2026-09-29,
001391.SZ,国货航,SZ-main,425,2024-12-30,2026-09-29,
001872.SZ,招商港口,SZ-main,907,2023-01-03,2026-09-29,
002010.SZ,传化智联,SZ-main,907,2023-01-03,2026-09-29,
002012.SZ,凯恩股份,SZ-main,907,2023-01-03,2026-09-29,
002027.SZ,分众传媒,SZ-main,907,2023-01-03,2026-09-29,
002045.SZ,国光电器,SZ-main,907,2023-01-03,2026-09-29,
002049.SZ,紫光国微,SZ-main,897,2023-01-03,2026-09-29,
002056.SZ,横店东磁,SZ-main,907,2023-01-03,2026-09-29,
002060.SZ,广东建工,SZ-main,907,2023-01-03,2026-09-29,
002080.SZ,中材科技,SZ-main,907,2023-01-03,2026-09-29,
002098.SZ,浔兴股份,SZ-main,907,2023-01-03,2026-09-29,
002156.SZ,通富微电,SZ-main,907,2023-01-03,2026-09-29,
002163.SZ,海南发展,SZ-main,907,2023-01-03,2026-09-29,
002173.SZ,创新医疗,SZ-main,907,2023-01-03,2026-09-29,
002182.SZ,宝武镁业,SZ-main,907,2023-01-03,2026-09-29,
002208.SZ,合肥城建,SZ-main,897,2023-01-03,2026-09-29,
002232.SZ,启明信息,SZ-main,907,2023-01-03,2026-09-29,
002255.SZ,海陆重工,SZ-main,907,2023-01-03,2026-09-29,
002273.SZ,水晶光电,SZ-main,907,2023-01-03,2026-09-29,
002274.SZ,华昌化工,SZ-main,902,2023-01-03,2026-09-29,
002277.SZ,友阿股份,SZ-main,895,2023-01-03,2026-09-29,
002278.SZ,神开股份,SZ-main,907,2023-01-03,2026-09-29,
002298.SZ,中电鑫龙,SZ-main,907,2023-01-03,2026-09-29,
002302.SZ,西部建设,SZ-main,907,2023-01-03,2026-09-29,
002312.SZ,川发龙蟒,SZ-main,907,2023-01-03,2026-09-29,
002319.SZ,乐通股份,SZ-main,907,2023-01-03,2026-09-29,
002326.SZ,永太科技,SZ-main,902,2023-01-03,2026-09-29,
002342.SZ,巨力索具,SZ-main,907,2023-01-03,2026-09-29,
002344.SZ,海宁皮城,SZ-main,907,2023-01-03,2026-09-29,
002347.SZ,泰尔股份,SZ-main,907,2023-01-03,2026-09-29,
002349.SZ,精华制药,SZ-main,907,2023-01-03,2026-09-29,
002421.SZ,达实智能,SZ-main,907,2023-01-03,2026-09-29,
002459.SZ,晶澳科技,SZ-main,907,2023-01-03,2026-09-29,
002472.SZ,双环传动,SZ-main,907,2023-01-03,2026-09-29,
002474.SZ,榕基软件,SZ-main,907,2023-01-03,2026-09-29,
002482.SZ,广田集团,SZ-main,904,2023-01-03,2026-09-29,
002484.SZ,江海股份,SZ-main,907,2023-01-03,2026-09-29,
002486.SZ,嘉麟杰,SZ-main,907,2023-01-03,2026-09-29,
002492.SZ,恒基达鑫,SZ-main,907,2023-01-03,2026-09-29,
002493.SZ,荣盛石化,SZ-main,907,2023-01-03,2026-09-29,
002524.SZ,光正眼科,SZ-main,907,2023-01-03,2026-09-29,
002534.SZ,西子洁能,SZ-main,907,2023-01-03,2026-09-29,
002536.SZ,飞龙股份,SZ-main,907,2023-01-03,2026-09-29,
002543.SZ,万和电气,SZ-main,907,2023-01-03,2026-09-29,
002552.SZ,宝鼎科技,SZ-main,907,2023-01-03,2026-09-29,
002564.SZ,天沃科技,SZ-main,867,2023-01-03,2026-09-29,
002578.SZ,闽发铝业,SZ-main,907,2023-01-03,2026-09-29,
002584.SZ,西陇科学,SZ-main,907,2023-01-03,2026-09-29,
002600.SZ,领益智造,SZ-main,907,2023-01-03,2026-09-29,
002614.SZ,奥佳华,SZ-main,907,2023-01-03,2026-09-29,
002627.SZ,三峡旅游,SZ-main,907,2023-01-03,2026-09-29,
002644.SZ,佛慈制药,SZ-main,899,2023-01-03,2026-09-29,
002655.SZ,共达电声,SZ-main,907,2023-01-03,2026-09-29,
002668.SZ,TCL智家,SZ-main,907,2023-01-03,2026-09-29,
002679.SZ,福建金森,SZ-main,907,2023-01-03,2026-09-29,
002688.SZ,金河生物,SZ-main,907,2023-01-03,2026-09-29,
002709.SZ,天赐材料,SZ-main,907,2023-01-03,2026-09-29,
002718.SZ,友邦吊顶,SZ-main,897,2023-01-03,2026-09-29,
002730.SZ,电光科技,SZ-main,907,2023-01-03,2026-09-29,
002734.SZ,利民股份,SZ-main,907,2023-01-03,2026-09-29,
002741.SZ,光华科技,SZ-main,907,2023-01-03,2026-09-29,
002745.SZ,木林森,SZ-main,907,2023-01-03,2026-09-29,
002755.SZ,奥赛康,SZ-main,907,2023-01-03,2026-09-29,
002775.SZ,文科股份,SZ-main,907,2023-01-03,2026-09-29,
002787.SZ,华源控股,SZ-main,907,2023-01-03,2026-09-29,
002788.SZ,鹭燕医药,SZ-main,907,2023-01-03,2026-09-29,
002795.SZ,永和智控,SZ-main,905,2023-01-03,2026-09-29,
002799.SZ,环球印务,SZ-main,907,2023-01-03,2026-09-29,
002823.SZ,凯中精密,SZ-main,907,2023-01-03,2026-09-29,
002828.SZ,贝肯能源,SZ-main,897,2023-01-03,2026-09-29,
002830.SZ,名雕股份,SZ-main,907,2023-01-03,2026-09-29,
002853.SZ,皮阿诺,SZ-main,902,2023-01-03,2026-09-29,
002867.SZ,周大生,SZ-main,907,2023-01-03,2026-09-29,
002871.SZ,伟隆股份,SZ-main,907,2023-01-03,2026-09-29,
002951.SZ,金时科技,SZ-main,904,2023-01-03,2026-09-29,
002952.SZ,亚世光电,SZ-main,907,2023-01-03,2026-09-29,
002953.SZ,日丰股份,SZ-main,907,2023-01-03,2026-09-29,
002973.SZ,侨银股份,SZ-main,907,2023-01-03,2026-09-29,
002998.SZ,优彩资源,SZ-main,902,2023-01-03,2026-09-29,
003000.SZ,劲仔食品,SZ-main,907,2023-01-03,2026-09-29,
003009.SZ,中天火箭,SZ-main,907,2023-01-03,2026-09-29,
003042.SZ,中农联合,SZ-main,907,2023-01-03,2026-09-29,
600010.SH,包钢股份,SH-main,907,2023-01-03,2026-09-29,
600019.SH,宝钢股份,SH-main,907,2023-01-03,2026-09-29,
600023.SH,浙能电力,SH-main,907,2023-01-03,2026-09-29,
600052.SH,东望时代,SH-main,907,2023-01-03,2026-09-29,
600057.SH,厦门象屿,SH-main,907,2023-01-03,2026-09-29,
600075.SH,新疆天业,SH-main,907,2023-01-03,2026-09-29,
600113.SH,浙江东日,SH-main,907,2023-01-03,2026-09-29,
600138.SH,中青旅,SH-main,907,2023-01-03,2026-09-29,
600266.SH,城建发展,SH-main,907,2023-01-03,2026-09-29,
600295.SH,鄂尔多斯,SH-main,907,2023-01-03,2026-09-29,
600307.SH,酒钢宏兴,SH-main,907,2023-01-03,2026-09-29,
600319.SH,亚星化学,SH-main,897,2023-01-03,2026-09-29,
600328.SH,中盐化工,SH-main,907,2023-01-03,2026-09-29,
600353.SH,旭光电子,SH-main,907,2023-01-03,2026-09-29,
600390.SH,五矿资本,SH-main,907,2023-01-03,2026-09-29,
600403.SH,大有能源,SH-main,907,2023-01-03,2026-09-29,
600433.SH,冠豪高新,SH-main,907,2023-01-03,2026-09-29,
600436.SH,片仔癀,SH-main,907,2023-01-03,2026-09-29,
600438.SH,通威股份,SH-main,897,2023-01-03,2026-09-29,
600444.SH,国机通用,SH-main,907,2023-01-03,2026-09-29,
600469.SH,风神股份,SH-main,907,2023-01-03,2026-09-29,
600475.SH,华光环能,SH-main,907,2023-01-03,2026-09-29,
600478.SH,科力远,SH-main,907,2023-01-03,2026-09-29,
600482.SH,中国动力,SH-main,897,2023-01-03,2026-09-29,
600501.SH,航天晨光,SH-main,907,2023-01-03,2026-09-29,
600502.SH,安徽建工,SH-main,907,2023-01-03,2026-09-29,
600503.SH,华丽家族,SH-main,907,2023-01-03,2026-09-29,
600508.SH,上海能源,SH-main,907,2023-01-03,2026-09-29,
600515.SH,海南机场,SH-main,907,2023-01-03,2026-09-29,
600559.SH,老白干酒,SH-main,907,2023-01-03,2026-09-29,
600566.SH,济川药业,SH-main,906,2023-01-03,2026-09-29,
600567.SH,山鹰国际,SH-main,907,2023-01-03,2026-09-29,
600571.SH,信雅达,SH-main,907,2023-01-03,2026-09-29,
600585.SH,XD海螺水,SH-main,907,2023-01-03,2026-09-29,
600610.SH,中毅达,SH-main,907,2023-01-03,2026-09-29,
600617.SH,国新能源,SH-main,907,2023-01-03,2026-09-29,
600658.SH,电子城,SH-main,907,2023-01-03,2026-09-29,
600660.SH,福耀玻璃,SH-main,907,2023-01-03,2026-09-29,
600665.SH,天地源,SH-main,907,2023-01-03,2026-09-29,
600674.SH,川投能源,SH-main,907,2023-01-03,2026-09-29,
600728.SH,佳都科技,SH-main,907,2023-01-03,2026-09-29,
600751.SH,海航科技,SH-main,907,2023-01-03,2026-09-29,
600756.SH,浪潮软件,SH-main,907,2023-01-03,2026-09-29,
600757.SH,长江传媒,SH-main,907,2023-01-03,2026-09-29,
600793.SH,宜宾纸业,SH-main,907,2023-01-03,2026-09-29,
600808.SH,马钢股份,SH-main,907,2023-01-03,2026-09-29,
600827.SH,百联股份,SH-main,907,2023-01-03,2026-09-29,
600841.SH,动力新科,SH-main,907,2023-01-03,2026-09-29,
600863.SH,华能蒙电,SH-main,899,2023-01-03,2026-09-29,
600876.SH,凯盛新能,SH-main,907,2023-01-03,2026-09-29,
600926.SH,杭州银行,SH-main,907,2023-01-03,2026-09-29,
600927.SH,永安期货,SH-main,907,2023-01-03,2026-09-29,
600973.SH,宝胜股份,SH-main,907,2023-01-03,2026-09-29,
600979.SH,广安爱众,SH-main,907,2023-01-03,2026-09-29,
600993.SH,马应龙,SH-main,907,2023-01-03,2026-09-29,
601003.SH,柳钢股份,SH-main,899,2023-01-03,2026-09-29,
601005.SH,重庆钢铁,SH-main,907,2023-01-03,2026-09-29,
601022.SH,宁波远洋,SH-main,907,2023-01-03,2026-09-29,
601111.SH,中国国航,SH-main,907,2023-01-03,2026-09-29,
601166.SH,兴业银行,SH-main,907,2023-01-03,2026-09-29,
601168.SH,西部矿业,SH-main,907,2023-01-03,2026-09-29,
601225.SH,陕西煤业,SH-main,907,2023-01-03,2026-09-29,
601288.SH,农业银行,SH-main,907,2023-01-03,2026-09-29,
601601.SH,中国太保,SH-main,907,2023-01-03,2026-09-29,
601633.SH,长城汽车,SH-main,907,2023-01-03,2026-09-29,
601636.SH,旗滨集团,SH-main,907,2023-01-03,2026-09-29,
601665.SH,齐鲁银行,SH-main,907,2023-01-03,2026-09-29,
601811.SH,新华文轩,SH-main,907,2023-01-03,2026-09-29,
601881.SH,中国银河,SH-main,907,2023-01-03,2026-09-29,
601995.SH,中金公司,SH-main,881,2023-01-03,2026-09-29,
603000.SH,人民网,SH-main,907,2023-01-03,2026-09-29,
603001.SH,奥康国际,SH-main,890,2023-01-03,2026-09-29,
603019.SH,中科曙光,SH-main,897,2023-01-03,2026-09-29,
603032.SH,德新科技,SH-main,907,2023-01-03,2026-09-29,
603040.SH,新坐标,SH-main,907,2023-01-03,2026-09-29,
603050.SH,科林电气,SH-main,906,2023-01-03,2026-09-29,
603077.SH,和邦生物,SH-main,907,2023-01-03,2026-09-29,
603083.SH,剑桥科技,SH-main,907,2023-01-03,2026-09-29,
603089.SH,正裕工业,SH-main,907,2023-01-03,2026-09-29,
603126.SH,中材节能,SH-main,907,2023-01-03,2026-09-29,
603162.SH,海通发展,SH-main,851,2023-03-29,2026-09-29,
603166.SH,福达股份,SH-main,907,2023-01-03,2026-09-29,
603168.SH,莎普爱思,SH-main,907,2023-01-03,2026-09-29,
603225.SH,新凤鸣,SH-main,907,2023-01-03,2026-09-29,
603228.SH,景旺电子,SH-main,907,2023-01-03,2026-09-29,
603266.SH,天龙股份,SH-main,907,2023-01-03,2026-09-29,
603269.SH,海鸥股份,SH-main,907,2023-01-03,2026-09-29,
603296.SH,华勤技术,SH-main,763,2023-08-08,2026-09-29,
603336.SH,宏辉果蔬,SH-main,902,2023-01-03,2026-09-29,
603345.SH,安井食品,SH-main,907,2023-01-03,2026-09-29,
603365.SH,水星家纺,SH-main,907,2023-01-03,2026-09-29,
603375.SH,盛景微,SH-main,649,2024-01-24,2026-09-29,
603386.SH,骏亚科技,SH-main,907,2023-01-03,2026-09-29,
603396.SH,金辰股份,SH-main,907,2023-01-03,2026-09-29,
603435.SH,嘉德利,SH-main,91,2026-05-22,2026-09-29,
603458.SH,勘设股份,SH-main,907,2023-01-03,2026-09-29,
603486.SH,科沃斯,SH-main,907,2023-01-03,2026-09-29,
603489.SH,八方股份,SH-main,907,2023-01-03,2026-09-29,
603529.SH,爱玛科技,SH-main,907,2023-01-03,2026-09-29,
603569.SH,长久物流,SH-main,907,2023-01-03,2026-09-29,
603577.SH,汇金通,SH-main,907,2023-01-03,2026-09-29,
603606.SH,东方电缆,SH-main,907,2023-01-03,2026-09-29,
603610.SH,麒盛科技,SH-main,907,2023-01-03,2026-09-29,
603613.SH,国联股份,SH-main,907,2023-01-03,2026-09-29,
603617.SH,君禾股份,SH-main,907,2023-01-03,2026-09-29,
603630.SH,拉芳家化,SH-main,907,2023-01-03,2026-09-29,
603638.SH,艾迪精密,SH-main,907,2023-01-03,2026-09-29,
603658.SH,安图生物,SH-main,907,2023-01-03,2026-09-29,
603693.SH,江苏新能,SH-main,907,2023-01-03,2026-09-29,
603730.SH,岱美股份,SH-main,907,2023-01-03,2026-09-29,
603779.SH,威龙股份,SH-main,902,2023-01-03,2026-09-29,
603811.SH,诚意药业,SH-main,907,2023-01-03,2026-09-29,
603823.SH,百合花,SH-main,907,2023-01-03,2026-09-29,
603880.SH,南卫股份,SH-main,900,2023-01-03,2026-09-29,
603882.SH,金域医学,SH-main,907,2023-01-03,2026-09-29,
603915.SH,国茂股份,SH-main,907,2023-01-03,2026-09-29,
603920.SH,世运电路,SH-main,904,2023-01-03,2026-09-29,
605008.SH,长鸿高科,SH-main,898,2023-01-03,2026-09-29,
605117.SH,德业股份,SH-main,907,2023-01-03,2026-09-29,
605162.SH,新中港,SH-main,907,2023-01-03,2026-09-29,
605186.SH,健麾信息,SH-main,907,2023-01-03,2026-09-29,
605268.SH,王力安防,SH-main,907,2023-01-03,2026-09-29,
605277.SH,新亚电子,SH-main,907,2023-01-03,2026-09-29,
605378.SH,野马电池,SH-main,907,2023-01-03,2026-09-29,
605398.SH,新炬网络,SH-main,907,2023-01-03,2026-09-29,
