symbol,snapshot_date,exchange,snapshot_trade_status,cohort
600116.SH,2019-01-02,SH,1,pit_survival_neutral_development
600146.SH,2019-01-02,SH,1,pit_survival_neutral_development
600169.SH,2019-01-02,SH,1,pit_survival_neutral_development
600232.SH,2019-01-02,SH,1,pit_survival_neutral_development
600278.SH,2019-01-02,SH,1,pit_survival_neutral_development
600418.SH,2019-01-02,SH,1,pit_survival_neutral_development
600518.SH,2019-01-02,SH,1,pit_survival_neutral_development
600558.SH,2019-01-02,SH,1,pit_survival_neutral_development
600560.SH,2019-01-02,SH,1,pit_survival_neutral_development
600570.SH,2019-01-02,SH,1,pit_survival_neutral_development
600774.SH,2019-01-02,SH,1,pit_survival_neutral_development
600802.SH,2019-01-02,SH,1,pit_survival_neutral_development
600858.SH,2019-01-02,SH,1,pit_survival_neutral_development
600981.SH,2019-01-02,SH,1,pit_survival_neutral_development
601666.SH,2019-01-02,SH,1,pit_survival_neutral_development
601727.SH,2019-01-02,SH,1,pit_survival_neutral_development
601789.SH,2019-01-02,SH,1,pit_survival_neutral_development
603060.SH,2019-01-02,SH,1,pit_survival_neutral_development
603096.SH,2019-01-02,SH,1,pit_survival_neutral_development
603319.SH,2019-01-02,SH,1,pit_survival_neutral_development
603608.SH,2019-01-02,SH,1,pit_survival_neutral_development
603701.SH,2019-01-02,SH,1,pit_survival_neutral_development
603777.SH,2019-01-02,SH,1,pit_survival_neutral_development
603970.SH,2019-01-02,SH,1,pit_survival_neutral_development
603998.SH,2019-01-02,SH,1,pit_survival_neutral_development
000030.SZ,2019-01-02,SZ,1,pit_survival_neutral_development
000661.SZ,2019-01-02,SZ,1,pit_survival_neutral_development
000780.SZ,2019-01-02,SZ,1,pit_survival_neutral_development
000798.SZ,2019-01-02,SZ,1,pit_survival_neutral_development
000813.SZ,2019-01-02,SZ,1,pit_survival_neutral_development
000901.SZ,2019-01-02,SZ,1,pit_survival_neutral_development
002037.SZ,2019-01-02,SZ,1,pit_survival_neutral_development
002118.SZ,2019-01-02,SZ,1,pit_survival_neutral_development
002188.SZ,2019-01-02,SZ,1,pit_survival_neutral_development
002194.SZ,2019-01-02,SZ,1,pit_survival_neutral_development
002195.SZ,2019-01-02,SZ,1,pit_survival_neutral_development
002291.SZ,2019-01-02,SZ,1,pit_survival_neutral_development
002333.SZ,2019-01-02,SZ,1,pit_survival_neutral_development
002364.SZ,2019-01-02,SZ,1,pit_survival_neutral_development
002395.SZ,2019-01-02,SZ,1,pit_survival_neutral_development
002485.SZ,2019-01-02,SZ,1,pit_survival_neutral_development
002619.SZ,2019-01-02,SZ,1,pit_survival_neutral_development
002731.SZ,2019-01-02,SZ,1,pit_survival_neutral_development
002827.SZ,2019-01-02,SZ,1,pit_survival_neutral_development
002835.SZ,2019-01-02,SZ,1,pit_survival_neutral_development
002865.SZ,2019-01-02,SZ,1,pit_survival_neutral_development
002872.SZ,2019-01-02,SZ,1,pit_survival_neutral_development
002908.SZ,2019-01-02,SZ,1,pit_survival_neutral_development
002919.SZ,2019-01-02,SZ,1,pit_survival_neutral_development
002927.SZ,2019-01-02,SZ,1,pit_survival_neutral_development
600132.SH,2023-01-03,SH,1,pit_survival_neutral_development
600239.SH,2023-01-03,SH,1,pit_survival_neutral_development
600265.SH,2023-01-03,SH,1,pit_survival_neutral_development
600302.SH,2023-01-03,SH,1,pit_survival_neutral_development
600361.SH,2023-01-03,SH,1,pit_survival_neutral_development
600368.SH,2023-01-03,SH,1,pit_survival_neutral_development
600545.SH,2023-01-03,SH,1,pit_survival_neutral_development
600584.SH,2023-01-03,SH,1,pit_survival_neutral_development
600647.SH,2023-01-03,SH,1,pit_survival_neutral_development
600648.SH,2023-01-03,SH,1,pit_survival_neutral_development
600667.SH,2023-01-03,SH,1,pit_survival_neutral_development
600690.SH,2023-01-03,SH,1,pit_survival_neutral_development
600734.SH,2023-01-03,SH,1,pit_survival_neutral_development
600744.SH,2023-01-03,SH,1,pit_survival_neutral_development
600755.SH,2023-01-03,SH,1,pit_survival_neutral_development
601766.SH,2023-01-03,SH,1,pit_survival_neutral_development
603069.SH,2023-01-03,SH,1,pit_survival_neutral_development
603176.SH,2023-01-03,SH,1,pit_survival_neutral_development
603215.SH,2023-01-03,SH,1,pit_survival_neutral_development
603330.SH,2023-01-03,SH,1,pit_survival_neutral_development
603517.SH,2023-01-03,SH,1,pit_survival_neutral_development
603766.SH,2023-01-03,SH,1,pit_survival_neutral_development
603889.SH,2023-01-03,SH,1,pit_survival_neutral_development
603927.SH,2023-01-03,SH,1,pit_survival_neutral_development
603983.SH,2023-01-03,SH,1,pit_survival_neutral_development
000099.SZ,2023-01-03,SZ,1,pit_survival_neutral_development
000591.SZ,2023-01-03,SZ,1,pit_survival_neutral_development
000609.SZ,2023-01-03,SZ,1,pit_survival_neutral_development
000708.SZ,2023-01-03,SZ,1,pit_survival_neutral_development
000782.SZ,2023-01-03,SZ,1,pit_survival_neutral_development
000812.SZ,2023-01-03,SZ,1,pit_survival_neutral_development
001234.SZ,2023-01-03,SZ,1,pit_survival_neutral_development
001236.SZ,2023-01-03,SZ,1,pit_survival_neutral_development
002246.SZ,2023-01-03,SZ,1,pit_survival_neutral_development
002253.SZ,2023-01-03,SZ,1,pit_survival_neutral_development
002303.SZ,2023-01-03,SZ,1,pit_survival_neutral_development
002340.SZ,2023-01-03,SZ,1,pit_survival_neutral_development
002367.SZ,2023-01-03,SZ,1,pit_survival_neutral_development
002426.SZ,2023-01-03,SZ,1,pit_survival_neutral_development
002432.SZ,2023-01-03,SZ,1,pit_survival_neutral_development
002523.SZ,2023-01-03,SZ,1,pit_survival_neutral_development
002601.SZ,2023-01-03,SZ,1,pit_survival_neutral_development
002715.SZ,2023-01-03,SZ,1,pit_survival_neutral_development
002719.SZ,2023-01-03,SZ,1,pit_survival_neutral_development
002729.SZ,2023-01-03,SZ,1,pit_survival_neutral_development
002738.SZ,2023-01-03,SZ,1,pit_survival_neutral_development
002813.SZ,2023-01-03,SZ,1,pit_survival_neutral_development
002890.SZ,2023-01-03,SZ,1,pit_survival_neutral_development
002992.SZ,2023-01-03,SZ,1,pit_survival_neutral_development
003033.SZ,2023-01-03,SZ,1,pit_survival_neutral_development
