symbol,name,stratum,cohort,bars,first_date,last_date,fetch_error
000032.SZ,深桑达Ａ,SZ-main,development,1868,2019-01-02,2026-09-29,
000050.SZ,深天马Ａ,SZ-main,development,1879,2019-01-02,2026-09-29,
000061.SZ,农 产 品,SZ-main,development,1879,2019-01-02,2026-09-29,
000422.SZ,湖北宜化,SZ-main,development,1877,2019-01-02,2026-09-29,
000504.SZ,南华生物,SZ-main,development,1874,2019-01-02,2026-09-29,
000505.SZ,京粮控股,SZ-main,development,1873,2019-01-02,2026-09-29,
000532.SZ,华金资本,SZ-main,development,1879,2019-01-02,2026-09-29,
000546.SZ,金圆股份,SZ-main,development,1873,2019-01-02,2026-09-29,
000550.SZ,江铃汽车,SZ-main,development,1879,2019-01-02,2026-09-29,
000567.SZ,海德股份,SZ-main,development,1879,2019-01-02,2026-09-29,
000576.SZ,甘化科工,SZ-main,development,1879,2019-01-02,2026-09-29,
000589.SZ,贵州轮胎,SZ-main,development,1879,2019-01-02,2026-09-29,
000636.SZ,风华高科,SZ-main,development,1879,2019-01-02,2026-09-29,
000651.SZ,格力电器,SZ-main,development,1873,2019-01-02,2026-09-29,
000676.SZ,智度股份,SZ-main,development,1879,2019-01-02,2026-09-29,
000679.SZ,大连友谊,SZ-main,development,1877,2019-01-02,2026-09-29,
000712.SZ,锦龙股份,SZ-main,development,1879,2019-01-02,2026-09-29,
000738.SZ,航发控制,SZ-main,development,1879,2019-01-02,2026-09-29,
000768.SZ,中航西飞,SZ-main,development,1879,2019-01-02,2026-09-29,
000789.SZ,万年青,SZ-main,development,1879,2019-01-02,2026-09-29,
000837.SZ,秦川机床,SZ-main,development,1877,2019-01-02,2026-09-29,
000839.SZ,国安股份,SZ-main,development,1877,2019-01-02,2026-09-29,
000868.SZ,安凯客车,SZ-main,development,1876,2019-01-02,2026-09-29,
000877.SZ,天山股份,SZ-main,development,1868,2019-01-02,2026-09-29,
000898.SZ,鞍钢股份,SZ-main,development,1879,2019-01-02,2026-09-29,
000902.SZ,新洋丰,SZ-main,development,1879,2019-01-02,2026-09-29,
000915.SZ,华特达因,SZ-main,development,1879,2019-01-02,2026-09-29,
000917.SZ,电广传媒,SZ-main,development,1879,2019-01-02,2026-09-29,
000962.SZ,东方钽业,SZ-main,development,1879,2019-01-02,2026-09-29,
000988.SZ,华工科技,SZ-main,development,1879,2019-01-02,2026-09-29,
001212.SZ,中旗新材,SZ-main,development,1235,2021-08-23,2026-09-29,
001237.SZ,惠康科技,SZ-main,development,91,2026-05-22,2026-09-29,
001257.SZ,盛龙股份,SZ-main,development,125,2026-03-31,2026-09-29,
001288.SZ,运机集团,SZ-main,development,1194,2021-11-01,2026-09-29,
001301.SZ,尚太科技,SZ-main,development,910,2022-12-28,2026-09-29,
001356.SZ,富岭股份,SZ-main,development,408,2025-01-23,2026-09-29,
001382.SZ,新亚电缆,SZ-main,development,373,2025-03-21,2026-09-29,
002016.SZ,世荣兆业,SZ-main,development,1875,2019-01-02,2026-09-29,
002039.SZ,黔源电力,SZ-main,development,1879,2019-01-02,2026-09-29,
002046.SZ,国机精工,SZ-main,development,1879,2019-01-02,2026-09-29,
002075.SZ,沙钢股份,SZ-main,development,1874,2019-01-02,2026-09-29,
002088.SZ,鲁阳节能,SZ-main,development,1875,2019-01-02,2026-09-29,
002096.SZ,易普力,SZ-main,development,1868,2019-01-02,2026-09-29,
002100.SZ,天康生物,SZ-main,development,1879,2019-01-02,2026-09-29,
002103.SZ,广博股份,SZ-main,development,1879,2019-01-02,2026-09-29,
002119.SZ,康强电子,SZ-main,development,1879,2019-01-02,2026-09-29,
002131.SZ,利欧股份,SZ-main,development,1876,2019-01-02,2026-09-29,
002165.SZ,红 宝 丽,SZ-main,development,1879,2019-01-02,2026-09-29,
002184.SZ,海得控制,SZ-main,development,1872,2019-01-02,2026-09-29,
002190.SZ,成飞集成,SZ-main,development,1877,2019-01-02,2026-09-29,
002243.SZ,力合科创,SZ-main,development,1878,2019-01-02,2026-09-29,
002265.SZ,建设工业,SZ-main,development,1868,2019-01-02,2026-09-29,
002266.SZ,浙富控股,SZ-main,development,1868,2019-01-02,2026-09-29,
002295.SZ,精艺股份,SZ-main,development,1879,2019-01-02,2026-09-29,
002297.SZ,博云新材,SZ-main,development,1879,2019-01-02,2026-09-29,
002324.SZ,普利特,SZ-main,development,1878,2019-01-02,2026-09-29,
002328.SZ,新朋股份,SZ-main,development,1879,2019-01-02,2026-09-29,
002339.SZ,积成电子,SZ-main,development,1879,2019-01-02,2026-09-29,
002383.SZ,合众思壮,SZ-main,development,1879,2019-01-02,2026-09-29,
002401.SZ,中远海科,SZ-main,development,1879,2019-01-02,2026-09-29,
002405.SZ,四维图新,SZ-main,development,1879,2019-01-02,2026-09-29,
002413.SZ,雷科防务,SZ-main,development,1878,2019-01-02,2026-09-29,
002428.SZ,云南锗业,SZ-main,development,1879,2019-01-02,2026-09-29,
002434.SZ,万里扬,SZ-main,development,1879,2019-01-02,2026-09-29,
002438.SZ,江苏神通,SZ-main,development,1879,2019-01-02,2026-09-29,
002446.SZ,盛路通信,SZ-main,development,1879,2019-01-02,2026-09-29,
002448.SZ,中原内配,SZ-main,development,1879,2019-01-02,2026-09-29,
002461.SZ,珠江啤酒,SZ-main,development,1879,2019-01-02,2026-09-29,
002470.SZ,金正大,SZ-main,development,1876,2019-01-02,2026-09-29,
002478.SZ,常宝股份,SZ-main,development,1879,2019-01-02,2026-09-29,
002483.SZ,润邦股份,SZ-main,development,1863,2019-01-02,2026-09-29,
002531.SZ,天顺风能,SZ-main,development,1873,2019-01-02,2026-09-29,
002532.SZ,天山铝业,SZ-main,development,1868,2019-01-02,2026-09-29,
002546.SZ,新联电子,SZ-main,development,1879,2019-01-02,2026-09-29,
002571.SZ,德力股份,SZ-main,development,1874,2019-01-02,2026-09-29,
002595.SZ,豪迈科技,SZ-main,development,1879,2019-01-02,2026-09-29,
002602.SZ,世纪华通,SZ-main,development,1876,2019-01-02,2026-09-29,
002613.SZ,北玻股份,SZ-main,development,1879,2019-01-02,2026-09-29,
002651.SZ,利君股份,SZ-main,development,1879,2019-01-02,2026-09-29,
002664.SZ,信质集团,SZ-main,development,1879,2019-01-02,2026-09-29,
002669.SZ,康达新材,SZ-main,development,1879,2019-01-02,2026-09-29,
002675.SZ,东诚药业,SZ-main,development,1879,2019-01-02,2026-09-29,
002695.SZ,煌上煌,SZ-main,development,1879,2019-01-02,2026-09-29,
002696.SZ,百洋股份,SZ-main,development,1879,2019-01-02,2026-09-29,
002722.SZ,物产金轮,SZ-main,development,1878,2019-01-02,2026-09-29,
002742.SZ,冀衡医药,SZ-main,development,1875,2019-01-02,2026-09-29,
002747.SZ,埃斯顿,SZ-main,development,1869,2019-01-02,2026-09-29,
002760.SZ,凤形股份,SZ-main,development,1879,2019-01-02,2026-09-29,
002782.SZ,可立克,SZ-main,development,1879,2019-01-02,2026-09-29,
002790.SZ,瑞尔特,SZ-main,development,1879,2019-01-02,2026-09-29,
002803.SZ,吉宏股份,SZ-main,development,1879,2019-01-02,2026-09-29,
002858.SZ,力盛体育,SZ-main,development,1879,2019-01-02,2026-09-29,
002868.SZ,绿康生化,SZ-main,development,1873,2019-01-02,2026-09-29,
002870.SZ,香山股份,SZ-main,development,1869,2019-01-02,2026-09-29,
002893.SZ,京能热力,SZ-main,development,1874,2019-01-02,2026-09-29,
002910.SZ,庄园牧场,SZ-main,development,1879,2019-01-02,2026-09-29,
002949.SZ,华阳国际,SZ-main,development,1845,2019-02-26,2026-09-29,
002984.SZ,森麒麟,SZ-main,development,1466,2020-09-11,2026-09-29,
002997.SZ,瑞鹄模具,SZ-main,development,1472,2020-09-03,2026-09-29,
003038.SZ,鑫铂股份,SZ-main,development,1365,2021-02-10,2026-09-29,
600004.SH,白云机场,SH-main,development,1879,2019-01-02,2026-09-29,
600018.SH,上港集团,SH-main,development,1879,2019-01-02,2026-09-29,
600028.SH,XD中国石,SH-main,development,1879,2019-01-02,2026-09-29,
600033.SH,福建高速,SH-main,development,1879,2019-01-02,2026-09-29,
600054.SH,黄山旅游,SH-main,development,1879,2019-01-02,2026-09-29,
600056.SH,中国医药,SH-main,development,1879,2019-01-02,2026-09-29,
600100.SH,同方股份,SH-main,development,1879,2019-01-02,2026-09-29,
600141.SH,兴发集团,SH-main,development,1878,2019-01-02,2026-09-29,
600176.SH,中国巨石,SH-main,development,1869,2019-01-02,2026-09-29,
600207.SH,安彩高科,SH-main,development,1879,2019-01-02,2026-09-29,
600273.SH,嘉化能源,SH-main,development,1879,2019-01-02,2026-09-29,
600308.SH,华泰股份,SH-main,development,1879,2019-01-02,2026-09-29,
600329.SH,达仁堂,SH-main,development,1878,2019-01-02,2026-09-29,
600339.SH,中油工程,SH-main,development,1879,2019-01-02,2026-09-29,
600425.SH,青松建化,SH-main,development,1879,2019-01-02,2026-09-29,
600498.SH,烽火通信,SH-main,development,1879,2019-01-02,2026-09-29,
600583.SH,海油工程,SH-main,development,1879,2019-01-02,2026-09-29,
600611.SH,大众交通,SH-main,development,1879,2019-01-02,2026-09-29,
600612.SH,老凤祥,SH-main,development,1879,2019-01-02,2026-09-29,
600719.SH,大连热电,SH-main,development,1859,2019-01-02,2026-09-29,
600721.SH,百花医药,SH-main,development,1865,2019-01-02,2026-09-29,
600779.SH,水井坊,SH-main,development,1878,2019-01-02,2026-09-29,
600798.SH,宁波海运,SH-main,development,1879,2019-01-02,2026-09-29,
600819.SH,耀皮玻璃,SH-main,development,1879,2019-01-02,2026-09-29,
600821.SH,金开新能,SH-main,development,1866,2019-01-02,2026-09-29,
600839.SH,四川长虹,SH-main,development,1879,2019-01-02,2026-09-29,
600846.SH,同济科技,SH-main,development,1877,2019-01-02,2026-09-29,
600860.SH,京城股份,SH-main,development,1865,2019-01-02,2026-09-29,
600872.SH,中炬高新,SH-main,development,1879,2019-01-02,2026-09-29,
600917.SH,重庆燃气,SH-main,development,1874,2019-01-02,2026-09-29,
600933.SH,爱柯迪,SH-main,development,1871,2019-01-02,2026-09-29,
600971.SH,恒源煤电,SH-main,development,1879,2019-01-02,2026-09-29,
600985.SH,淮北矿业,SH-main,development,1879,2019-01-02,2026-09-29,
600995.SH,南网储能,SH-main,development,1868,2019-01-02,2026-09-29,
601016.SH,节能风电,SH-main,development,1873,2019-01-02,2026-09-29,
601026.SH,道生天合,SH-main,development,234,2025-10-17,2026-09-29,
601069.SH,XD西部黄,SH-main,development,1868,2019-01-02,2026-09-29,
601099.SH,太平洋,SH-main,development,1879,2019-01-02,2026-09-29,
601123.SH,马矿股份,SH-main,development,20,2026-09-01,2026-09-29,
601187.SH,厦门银行,SH-main,development,1440,2020-10-27,2026-09-29,
601199.SH,江南水务,SH-main,development,1879,2019-01-02,2026-09-29,
601319.SH,中国人保,SH-main,development,1879,2019-01-02,2026-09-29,
601399.SH,国机重装,SH-main,development,1532,2020-06-08,2026-09-29,
601528.SH,瑞丰银行,SH-main,development,1278,2021-06-25,2026-09-29,
601568.SH,北元化工,SH-main,development,1445,2020-10-20,2026-09-29,
601588.SH,北辰实业,SH-main,development,1879,2019-01-02,2026-09-29,
601696.SH,中银证券,SH-main,development,1602,2020-02-26,2026-09-29,
601728.SH,中国电信,SH-main,development,1238,2021-08-20,2026-09-29,
601788.SH,光大证券,SH-main,development,1879,2019-01-02,2026-09-29,
601882.SH,海天精工,SH-main,development,1879,2019-01-02,2026-09-29,
601888.SH,中国中免,SH-main,development,1879,2019-01-02,2026-09-29,
601908.SH,京运通,SH-main,development,1879,2019-01-02,2026-09-29,
601992.SH,金隅集团,SH-main,development,1879,2019-01-02,2026-09-29,
603029.SH,天鹅股份,SH-main,development,1869,2019-01-02,2026-09-29,
603049.SH,中策橡胶,SH-main,development,324,2025-06-05,2026-09-29,
603051.SH,鹿山新材,SH-main,development,1096,2022-03-25,2026-09-29,
603052.SH,可川科技,SH-main,development,966,2022-10-11,2026-09-29,
603068.SH,博通集成,SH-main,development,1812,2019-04-15,2026-09-29,
603088.SH,宁波精达,SH-main,development,1874,2019-01-02,2026-09-29,
603124.SH,江南新材,SH-main,development,374,2025-03-20,2026-09-29,
603129.SH,春风动力,SH-main,development,1879,2019-01-02,2026-09-29,
603135.SH,中重科技,SH-main,development,844,2023-04-10,2026-09-29,
603205.SH,健尔康,SH-main,development,462,2024-11-07,2026-09-29,
603214.SH,爱婴室,SH-main,development,1879,2019-01-02,2026-09-29,
603222.SH,济民健康,SH-main,development,1879,2019-01-02,2026-09-29,
603227.SH,雪峰科技,SH-main,development,1866,2019-01-02,2026-09-29,
603236.SH,移远通信,SH-main,development,1750,2019-07-16,2026-09-29,
603237.SH,五芳斋,SH-main,development,989,2022-08-31,2026-09-29,
603267.SH,鸿远电子,SH-main,development,1793,2019-05-15,2026-09-29,
603278.SH,大业股份,SH-main,development,1879,2019-01-02,2026-09-29,
603289.SH,泰瑞机器,SH-main,development,1879,2019-01-02,2026-09-29,
603316.SH,诚邦股份,SH-main,development,1879,2019-01-02,2026-09-29,
603327.SH,福蓉科技,SH-main,development,1787,2019-05-23,2026-09-29,
603334.SH,丰倍生物,SH-main,development,221,2025-11-05,2026-09-29,
603358.SH,华达科技,SH-main,development,1874,2019-01-02,2026-09-29,
603369.SH,今世缘,SH-main,development,1879,2019-01-02,2026-09-29,
603528.SH,多伦科技,SH-main,development,1879,2019-01-02,2026-09-29,
603565.SH,中谷物流,SH-main,development,1456,2020-09-25,2026-09-29,
603587.SH,地素时尚,SH-main,development,1879,2019-01-02,2026-09-29,
603656.SH,泰禾智能,SH-main,development,1879,2019-01-02,2026-09-29,
603667.SH,五洲新春,SH-main,development,1879,2019-01-02,2026-09-29,
603687.SH,大胜达,SH-main,development,1742,2019-07-26,2026-09-29,
603696.SH,安记食品,SH-main,development,1879,2019-01-02,2026-09-29,
603697.SH,有友食品,SH-main,development,1798,2019-05-08,2026-09-29,
603755.SH,日辰股份,SH-main,development,1719,2019-08-28,2026-09-29,
603757.SH,大元泵业,SH-main,development,1879,2019-01-02,2026-09-29,
603816.SH,顾家家居,SH-main,development,1875,2019-01-02,2026-09-29,
603817.SH,海峡环保,SH-main,development,1879,2019-01-02,2026-09-29,
603871.SH,嘉友国际,SH-main,development,1879,2019-01-02,2026-09-29,
603887.SH,城地香江,SH-main,development,1874,2019-01-02,2026-09-29,
603938.SH,三孚股份,SH-main,development,1879,2019-01-02,2026-09-29,
603950.SH,长源东谷,SH-main,development,1532,2020-05-26,2026-09-29,
605011.SH,杭州热电,SH-main,development,1275,2021-06-30,2026-09-29,
605111.SH,新洁能,SH-main,development,1455,2020-09-28,2026-09-29,
605166.SH,聚合顺,SH-main,development,1525,2020-06-18,2026-09-29,
605183.SH,XD确成股,SH-main,development,1411,2020-12-07,2026-09-29,
605196.SH,华通线缆,SH-main,development,1310,2021-05-11,2026-09-29,
605296.SH,神农集团,SH-main,development,1297,2021-05-28,2026-09-29,
605488.SH,福莱新材,SH-main,development,1308,2021-05-13,2026-09-29,
605580.SH,恒盛能源,SH-main,development,1239,2021-08-19,2026-09-29,
000008.SZ,神州高铁,SZ-main,validation_sealed,1874,2019-01-02,2026-09-29,
000042.SZ,中洲控股,SZ-main,validation_sealed,1879,2019-01-02,2026-09-29,
000089.SZ,深圳机场,SZ-main,validation_sealed,1879,2019-01-02,2026-09-29,
000403.SZ,派林生物,SZ-main,validation_sealed,1866,2019-01-02,2026-09-29,
000582.SZ,北部湾港,SZ-main,validation_sealed,1879,2019-01-02,2026-09-29,
000657.SZ,中钨高新,SZ-main,validation_sealed,1869,2019-01-02,2026-09-29,
000776.SZ,广发证券,SZ-main,validation_sealed,1879,2019-01-02,2026-09-29,
000777.SZ,中核科技,SZ-main,validation_sealed,1864,2019-01-02,2026-09-29,
000792.SZ,盐湖股份,SZ-main,validation_sealed,1565,2019-01-02,2026-09-29,
000897.SZ,津滨发展,SZ-main,validation_sealed,1877,2019-01-02,2026-09-29,
000923.SZ,河钢资源,SZ-main,validation_sealed,1879,2019-01-02,2026-09-29,
000936.SZ,华西股份,SZ-main,validation_sealed,1879,2019-01-02,2026-09-29,
000980.SZ,众泰汽车,SZ-main,validation_sealed,1861,2019-01-02,2026-09-29,
000989.SZ,九芝堂,SZ-main,validation_sealed,1877,2019-01-02,2026-09-29,
001359.SZ,平安电工,SZ-main,validation_sealed,609,2024-03-28,2026-09-29,
001393.SZ,维通利,SZ-main,validation_sealed,96,2026-05-15,2026-09-29,
002007.SZ,华兰生物,SZ-main,validation_sealed,1879,2019-01-02,2026-09-29,
002129.SZ,TCL中环,SZ-main,validation_sealed,1879,2019-01-02,2026-09-29,
002135.SZ,东南网架,SZ-main,validation_sealed,1879,2019-01-02,2026-09-29,
002149.SZ,西部材料,SZ-main,validation_sealed,1879,2019-01-02,2026-09-29,
002199.SZ,东晶电子,SZ-main,validation_sealed,1862,2019-01-02,2026-09-29,
002233.SZ,塔牌集团,SZ-main,validation_sealed,1879,2019-01-02,2026-09-29,
002241.SZ,歌尔股份,SZ-main,validation_sealed,1879,2019-01-02,2026-09-29,
002254.SZ,泰和新材,SZ-main,validation_sealed,1857,2019-01-02,2026-09-29,
002285.SZ,世联行,SZ-main,validation_sealed,1864,2019-01-02,2026-09-29,
002317.SZ,众生药业,SZ-main,validation_sealed,1879,2019-01-02,2026-09-29,
002330.SZ,得利斯,SZ-main,validation_sealed,1879,2019-01-02,2026-09-29,
002346.SZ,柘中股份,SZ-main,validation_sealed,1879,2019-01-02,2026-09-29,
002374.SZ,中锐股份,SZ-main,validation_sealed,1879,2019-01-02,2026-09-29,
002375.SZ,亚厦股份,SZ-main,validation_sealed,1879,2019-01-02,2026-09-29,
002425.SZ,凯撒文化,SZ-main,validation_sealed,1877,2019-01-02,2026-09-29,
002437.SZ,誉衡药业,SZ-main,validation_sealed,1879,2019-01-02,2026-09-29,
002458.SZ,益生股份,SZ-main,validation_sealed,1879,2019-01-02,2026-09-29,
002475.SZ,立讯精密,SZ-main,validation_sealed,1879,2019-01-02,2026-09-29,
002480.SZ,新筑股份,SZ-main,validation_sealed,1869,2019-01-02,2026-09-29,
002481.SZ,双塔食品,SZ-main,validation_sealed,1879,2019-01-02,2026-09-29,
002488.SZ,金固股份,SZ-main,validation_sealed,1879,2019-01-02,2026-09-29,
002507.SZ,涪陵榨菜,SZ-main,validation_sealed,1879,2019-01-02,2026-09-29,
002537.SZ,海联金汇,SZ-main,validation_sealed,1879,2019-01-02,2026-09-29,
002553.SZ,南方精工,SZ-main,validation_sealed,1879,2019-01-02,2026-09-29,
002568.SZ,百润股份,SZ-main,validation_sealed,1879,2019-01-02,2026-09-29,
002616.SZ,长青集团,SZ-main,validation_sealed,1879,2019-01-02,2026-09-29,
002633.SZ,申科股份,SZ-main,validation_sealed,1866,2019-01-02,2026-09-29,
002713.SZ,东易日盛,SZ-main,validation_sealed,1873,2019-01-02,2026-09-29,
002733.SZ,雄韬股份,SZ-main,validation_sealed,1879,2019-01-02,2026-09-29,
002762.SZ,金发拉比,SZ-main,validation_sealed,1867,2019-01-02,2026-09-29,
002841.SZ,视源股份,SZ-main,validation_sealed,1879,2019-01-02,2026-09-29,
002913.SZ,奥士康,SZ-main,validation_sealed,1879,2019-01-02,2026-09-29,
002929.SZ,润建股份,SZ-main,validation_sealed,1879,2019-01-02,2026-09-29,
002941.SZ,新疆交建,SZ-main,validation_sealed,1879,2019-01-02,2026-09-29,
600000.SH,浦发银行,SH-main,validation_sealed,1879,2019-01-02,2026-09-29,
600016.SH,民生银行,SH-main,validation_sealed,1879,2019-01-02,2026-09-29,
600062.SH,华润双鹤,SH-main,validation_sealed,1879,2019-01-02,2026-09-29,
600098.SH,广州发展,SH-main,validation_sealed,1879,2019-01-02,2026-09-29,
600099.SH,林海股份,SH-main,validation_sealed,1879,2019-01-02,2026-09-29,
600171.SH,上海贝岭,SH-main,validation_sealed,1879,2019-01-02,2026-09-29,
600195.SH,中牧股份,SH-main,validation_sealed,1879,2019-01-02,2026-09-29,
600219.SH,南山铝业,SH-main,validation_sealed,1879,2019-01-02,2026-09-29,
600231.SH,凌钢股份,SH-main,validation_sealed,1879,2019-01-02,2026-09-29,
600362.SH,江西铜业,SH-main,validation_sealed,1879,2019-01-02,2026-09-29,
600506.SH,统一股份,SH-main,validation_sealed,1877,2019-01-02,2026-09-29,
600509.SH,天富能源,SH-main,validation_sealed,1879,2019-01-02,2026-09-29,
600538.SH,国发股份,SH-main,validation_sealed,1868,2019-01-02,2026-09-29,
600602.SH,云赛智联,SH-main,validation_sealed,1879,2019-01-02,2026-09-29,
600637.SH,东方明珠,SH-main,validation_sealed,1879,2019-01-02,2026-09-29,
600668.SH,尖峰集团,SH-main,validation_sealed,1879,2019-01-02,2026-09-29,
600702.SH,舍得酒业,SH-main,validation_sealed,1877,2019-01-02,2026-09-29,
600791.SH,京能置业,SH-main,validation_sealed,1879,2019-01-02,2026-09-29,
600854.SH,春兰股份,SH-main,validation_sealed,1879,2019-01-02,2026-09-29,
600925.SH,苏能股份,SH-main,validation_sealed,851,2023-03-29,2026-09-29,
600975.SH,新五丰,SH-main,validation_sealed,1869,2019-01-02,2026-09-29,
601038.SH,一拖股份,SH-main,validation_sealed,1879,2019-01-02,2026-09-29,
601128.SH,常熟银行,SH-main,validation_sealed,1879,2019-01-02,2026-09-29,
601137.SH,博威合金,SH-main,validation_sealed,1878,2019-01-02,2026-09-29,
601218.SH,吉鑫科技,SH-main,validation_sealed,1879,2019-01-02,2026-09-29,
601388.SH,怡球资源,SH-main,validation_sealed,1879,2019-01-02,2026-09-29,
601567.SH,三星电气,SH-main,validation_sealed,1879,2019-01-02,2026-09-29,
601598.SH,中国外运,SH-main,validation_sealed,1867,2019-01-18,2026-09-29,
601615.SH,明阳智能,SH-main,validation_sealed,1856,2019-01-23,2026-09-29,
601818.SH,光大银行,SH-main,validation_sealed,1879,2019-01-02,2026-09-29,
601966.SH,玲珑轮胎,SH-main,validation_sealed,1875,2019-01-02,2026-09-29,
603057.SH,紫燕食品,SH-main,validation_sealed,972,2022-09-26,2026-09-29,
603111.SH,康尼机电,SH-main,validation_sealed,1879,2019-01-02,2026-09-29,
603163.SH,圣晖集成,SH-main,validation_sealed,964,2022-10-13,2026-09-29,
603169.SH,兰石重装,SH-main,validation_sealed,1879,2019-01-02,2026-09-29,
603178.SH,圣龙股份,SH-main,validation_sealed,1879,2019-01-02,2026-09-29,
603201.SH,常润股份,SH-main,validation_sealed,1012,2022-07-29,2026-09-29,
603206.SH,嘉环科技,SH-main,validation_sealed,1071,2022-05-06,2026-09-29,
603211.SH,晋拓股份,SH-main,validation_sealed,1016,2022-07-25,2026-09-29,
603255.SH,鼎际得,SH-main,validation_sealed,998,2022-08-18,2026-09-29,
603273.SH,天元智能,SH-main,validation_sealed,715,2023-10-23,2026-09-29,
603323.SH,苏农银行,SH-main,validation_sealed,1879,2019-01-02,2026-09-29,
603387.SH,基蛋生物,SH-main,validation_sealed,1879,2019-01-02,2026-09-29,
603516.SH,淳中科技,SH-main,validation_sealed,1879,2019-01-02,2026-09-29,
603566.SH,普莱柯,SH-main,validation_sealed,1879,2019-01-02,2026-09-29,
603599.SH,广信股份,SH-main,validation_sealed,1879,2019-01-02,2026-09-29,
603688.SH,石英股份,SH-main,validation_sealed,1879,2019-01-02,2026-09-29,
603768.SH,常青股份,SH-main,validation_sealed,1879,2019-01-02,2026-09-29,
603803.SH,瑞斯康达,SH-main,validation_sealed,1879,2019-01-02,2026-09-29,
605369.SH,拱东医疗,SH-main,validation_sealed,1463,2020-09-16,2026-09-29,
