snapshot_date,symbol,snapshot_trade_status
2010-01-04,000001.SZ,1
2010-01-04,000002.SZ,1
2010-01-04,000004.SZ,0
2010-01-04,000005.SZ,1
2010-01-04,000006.SZ,1
2010-01-04,000007.SZ,1
2010-01-04,000008.SZ,0
2010-01-04,000009.SZ,1
2010-01-04,000010.SZ,1
2010-01-04,000011.SZ,1
2010-01-04,000012.SZ,1
2010-01-04,000014.SZ,1
2010-01-04,000016.SZ,1
2010-01-04,000017.SZ,0
2010-01-04,000018.SZ,1
2010-01-04,000019.SZ,1
2010-01-04,000020.SZ,1
2010-01-04,000021.SZ,1
2010-01-04,000022.SZ,1
2010-01-04,000023.SZ,1
2010-01-04,000024.SZ,1
2010-01-04,000025.SZ,1
2010-01-04,000026.SZ,1
2010-01-04,000027.SZ,1
2010-01-04,000028.SZ,1
2010-01-04,000029.SZ,1
2010-01-04,000030.SZ,1
2010-01-04,000031.SZ,1
2010-01-04,000032.SZ,1
2010-01-04,000033.SZ,1
2010-01-04,000034.SZ,0
2010-01-04,000035.SZ,1
2010-01-04,000036.SZ,1
2010-01-04,000037.SZ,1
2010-01-04,000038.SZ,0
2010-01-04,000039.SZ,1
2010-01-04,000040.SZ,1
2010-01-04,000042.SZ,1
2010-01-04,000043.SZ,1
2010-01-04,000045.SZ,1
2010-01-04,000046.SZ,1
2010-01-04,000048.SZ,1
2010-01-04,000049.SZ,1
2010-01-04,000050.SZ,1
2010-01-04,000055.SZ,1
2010-01-04,000056.SZ,1
2010-01-04,000058.SZ,1
2010-01-04,000059.SZ,1
2010-01-04,000060.SZ,1
2010-01-04,000061.SZ,1
2010-01-04,000062.SZ,1
2010-01-04,000063.SZ,1
2010-01-04,000065.SZ,1
2010-01-04,000066.SZ,1
2010-01-04,000068.SZ,1
2010-01-04,000069.SZ,1
2010-01-04,000070.SZ,1
2010-01-04,000078.SZ,1
2010-01-04,000088.SZ,1
2010-01-04,000089.SZ,1
2010-01-04,000090.SZ,1
2010-01-04,000096.SZ,1
2010-01-04,000099.SZ,1
2010-01-04,000100.SZ,1
2010-01-04,000150.SZ,1
2010-01-04,000151.SZ,1
2010-01-04,000153.SZ,1
2010-01-04,000155.SZ,1
2010-01-04,000156.SZ,0
2010-01-04,000157.SZ,1
2010-01-04,000158.SZ,1
2010-01-04,000159.SZ,0
2010-01-04,000301.SZ,1
2010-01-04,000338.SZ,1
2010-01-04,000400.SZ,1
2010-01-04,000401.SZ,1
2010-01-04,000402.SZ,1
2010-01-04,000403.SZ,0
2010-01-04,000404.SZ,1
2010-01-04,000407.SZ,1
2010-01-04,000408.SZ,1
2010-01-04,000409.SZ,1
2010-01-04,000410.SZ,1
2010-01-04,000411.SZ,1
2010-01-04,000413.SZ,1
2010-01-04,000415.SZ,1
2010-01-04,000416.SZ,1
2010-01-04,000417.SZ,1
2010-01-04,000418.SZ,1
2010-01-04,000419.SZ,1
2010-01-04,000420.SZ,1
2010-01-04,000421.SZ,1
2010-01-04,000422.SZ,1
2010-01-04,000423.SZ,1
2010-01-04,000425.SZ,1
2010-01-04,000426.SZ,0
2010-01-04,000428.SZ,1
2010-01-04,000429.SZ,1
2010-01-04,000430.SZ,1
2010-01-04,000488.SZ,1
2010-01-04,000498.SZ,0
2010-01-04,000501.SZ,1
2010-01-04,000502.SZ,1
2010-01-04,000503.SZ,1
2010-01-04,000504.SZ,1
2010-01-04,000505.SZ,1
2010-01-04,000506.SZ,1
2010-01-04,000507.SZ,1
2010-01-04,000509.SZ,1
2010-01-04,000510.SZ,1
2010-01-04,000511.SZ,1
2010-01-04,000513.SZ,1
2010-01-04,000514.SZ,1
2010-01-04,000516.SZ,1
2010-01-04,000517.SZ,1
2010-01-04,000518.SZ,1
2010-01-04,000519.SZ,1
2010-01-04,000520.SZ,1
2010-01-04,000521.SZ,1
2010-01-04,000522.SZ,1
2010-01-04,000523.SZ,1
2010-01-04,000524.SZ,1
2010-01-04,000525.SZ,1
2010-01-04,000526.SZ,0
2010-01-04,000527.SZ,1
2010-01-04,000528.SZ,1
2010-01-04,000529.SZ,1
2010-01-04,000530.SZ,1
2010-01-04,000531.SZ,1
2010-01-04,000532.SZ,1
2010-01-04,000533.SZ,1
2010-01-04,000534.SZ,1
2010-01-04,000536.SZ,1
2010-01-04,000537.SZ,1
2010-01-04,000538.SZ,1
2010-01-04,000539.SZ,1
2010-01-04,000540.SZ,1
2010-01-04,000541.SZ,1
2010-01-04,000543.SZ,1
2010-01-04,000544.SZ,1
2010-01-04,000545.SZ,1
2010-01-04,000546.SZ,1
2010-01-04,000547.SZ,0
2010-01-04,000548.SZ,1
2010-01-04,000550.SZ,1
2010-01-04,000551.SZ,1
2010-01-04,000552.SZ,1
2010-01-04,000553.SZ,1
2010-01-04,000554.SZ,1
2010-01-04,000555.SZ,1
2010-01-04,000557.SZ,1
2010-01-04,000558.SZ,1
2010-01-04,000559.SZ,1
2010-01-04,000560.SZ,1
2010-01-04,000561.SZ,1
2010-01-04,000562.SZ,1
2010-01-04,000563.SZ,1
2010-01-04,000564.SZ,1
2010-01-04,000565.SZ,1
2010-01-04,000566.SZ,1
2010-01-04,000567.SZ,1
2010-01-04,000568.SZ,1
2010-01-04,000570.SZ,1
2010-01-04,000571.SZ,1
2010-01-04,000572.SZ,1
2010-01-04,000573.SZ,1
2010-01-04,000576.SZ,1
2010-01-04,000578.SZ,1
2010-01-04,000581.SZ,1
2010-01-04,000582.SZ,1
2010-01-04,000584.SZ,1
2010-01-04,000585.SZ,1
2010-01-04,000586.SZ,1
2010-01-04,000587.SZ,0
2010-01-04,000589.SZ,1
2010-01-04,000590.SZ,1
2010-01-04,000591.SZ,1
2010-01-04,000592.SZ,1
2010-01-04,000593.SZ,1
2010-01-04,000594.SZ,1
2010-01-04,000595.SZ,1
2010-01-04,000596.SZ,1
2010-01-04,000597.SZ,1
2010-01-04,000598.SZ,1
2010-01-04,000599.SZ,1
2010-01-04,000600.SZ,1
2010-01-04,000601.SZ,1
2010-01-04,000602.SZ,1
2010-01-04,000603.SZ,0
2010-01-04,000605.SZ,1
2010-01-04,000606.SZ,1
2010-01-04,000607.SZ,1
2010-01-04,000608.SZ,1
2010-01-04,000609.SZ,1
2010-01-04,000610.SZ,1
2010-01-04,000611.SZ,1
2010-01-04,000612.SZ,1
2010-01-04,000613.SZ,1
2010-01-04,000615.SZ,1
2010-01-04,000616.SZ,1
2010-01-04,000617.SZ,1
2010-01-04,000619.SZ,1
2010-01-04,000620.SZ,0
2010-01-04,000622.SZ,0
2010-01-04,000623.SZ,0
2010-01-04,000625.SZ,1
2010-01-04,000626.SZ,1
2010-01-04,000627.SZ,1
2010-01-04,000628.SZ,1
2010-01-04,000629.SZ,1
2010-01-04,000630.SZ,1
2010-01-04,000631.SZ,1
2010-01-04,000632.SZ,1
2010-01-04,000633.SZ,1
2010-01-04,000635.SZ,1
2010-01-04,000636.SZ,1
2010-01-04,000637.SZ,1
2010-01-04,000638.SZ,1
2010-01-04,000639.SZ,0
2010-01-04,000650.SZ,1
2010-01-04,000651.SZ,1
2010-01-04,000652.SZ,1
2010-01-04,000655.SZ,1
2010-01-04,000656.SZ,1
2010-01-04,000657.SZ,1
2010-01-04,000659.SZ,1
2010-01-04,000661.SZ,1
2010-01-04,000662.SZ,1
2010-01-04,000663.SZ,1
2010-01-04,000665.SZ,1
2010-01-04,000666.SZ,0
2010-01-04,000667.SZ,1
2010-01-04,000668.SZ,1
2010-01-04,000669.SZ,1
2010-01-04,000670.SZ,0
2010-01-04,000671.SZ,1
2010-01-04,000672.SZ,0
2010-01-04,000673.SZ,0
2010-01-04,000676.SZ,1
2010-01-04,000677.SZ,1
2010-01-04,000678.SZ,1
2010-01-04,000679.SZ,1
2010-01-04,000680.SZ,1
2010-01-04,000681.SZ,0
2010-01-04,000682.SZ,1
2010-01-04,000683.SZ,1
2010-01-04,000685.SZ,0
2010-01-04,000686.SZ,1
2010-01-04,000687.SZ,1
2010-01-04,000688.SZ,0
2010-01-04,000690.SZ,1
2010-01-04,000691.SZ,1
2010-01-04,000692.SZ,1
2010-01-04,000693.SZ,0
2010-01-04,000695.SZ,1
2010-01-04,000697.SZ,0
2010-01-04,000698.SZ,1
2010-01-04,000700.SZ,1
2010-01-04,000701.SZ,1
2010-01-04,000702.SZ,1
2010-01-04,000703.SZ,1
2010-01-04,000705.SZ,1
2010-01-04,000707.SZ,1
2010-01-04,000708.SZ,1
2010-01-04,000709.SZ,0
2010-01-04,000710.SZ,1
2010-01-04,000711.SZ,1
2010-01-04,000712.SZ,1
2010-01-04,000713.SZ,1
2010-01-04,000715.SZ,1
2010-01-04,000716.SZ,1
2010-01-04,000717.SZ,1
2010-01-04,000718.SZ,1
2010-01-04,000719.SZ,0
2010-01-04,000720.SZ,1
2010-01-04,000721.SZ,1
2010-01-04,000722.SZ,0
2010-01-04,000723.SZ,1
2010-01-04,000725.SZ,1
2010-01-04,000726.SZ,1
2010-01-04,000727.SZ,1
2010-01-04,000728.SZ,1
2010-01-04,000729.SZ,1
2010-01-04,000731.SZ,1
2010-01-04,000732.SZ,0
2010-01-04,000733.SZ,1
2010-01-04,000735.SZ,1
2010-01-04,000736.SZ,1
2010-01-04,000737.SZ,1
2010-01-04,000738.SZ,1
2010-01-04,000739.SZ,1
2010-01-04,000748.SZ,1
2010-01-04,000750.SZ,0
2010-01-04,000751.SZ,1
2010-01-04,000752.SZ,1
2010-01-04,000753.SZ,1
2010-01-04,000755.SZ,1
2010-01-04,000756.SZ,1
2010-01-04,000757.SZ,0
2010-01-04,000758.SZ,1
2010-01-04,000759.SZ,1
2010-01-04,000760.SZ,1
2010-01-04,000761.SZ,1
2010-01-04,000762.SZ,1
2010-01-04,000766.SZ,1
2010-01-04,000767.SZ,1
2010-01-04,000768.SZ,1
2010-01-04,000776.SZ,0
2010-01-04,000777.SZ,1
2010-01-04,000778.SZ,1
2010-01-04,000779.SZ,1
2010-01-04,000780.SZ,1
2010-01-04,000782.SZ,1
2010-01-04,000783.SZ,1
2010-01-04,000785.SZ,1
2010-01-04,000786.SZ,1
2010-01-04,000787.SZ,0
2010-01-04,000788.SZ,1
2010-01-04,000789.SZ,1
2010-01-04,000790.SZ,1
2010-01-04,000791.SZ,1
2010-01-04,000792.SZ,1
2010-01-04,000793.SZ,1
2010-01-04,000795.SZ,1
2010-01-04,000796.SZ,1
2010-01-04,000797.SZ,1
2010-01-04,000798.SZ,1
2010-01-04,000799.SZ,1
2010-01-04,000800.SZ,1
2010-01-04,000801.SZ,1
2010-01-04,000802.SZ,1
2010-01-04,000803.SZ,1
2010-01-04,000805.SZ,0
2010-01-04,000806.SZ,1
2010-01-04,000807.SZ,1
2010-01-04,000809.SZ,1
2010-01-04,000810.SZ,1
2010-01-04,000811.SZ,1
2010-01-04,000812.SZ,1
2010-01-04,000813.SZ,0
2010-01-04,000815.SZ,1
2010-01-04,000816.SZ,1
2010-01-04,000818.SZ,1
2010-01-04,000819.SZ,1
2010-01-04,000820.SZ,1
2010-01-04,000821.SZ,1
2010-01-04,000822.SZ,1
2010-01-04,000823.SZ,1
2010-01-04,000825.SZ,1
2010-01-04,000826.SZ,1
2010-01-04,000828.SZ,1
2010-01-04,000829.SZ,1
2010-01-04,000830.SZ,1
2010-01-04,000831.SZ,1
2010-01-04,000833.SZ,1
2010-01-04,000835.SZ,1
2010-01-04,000836.SZ,1
2010-01-04,000837.SZ,1
2010-01-04,000838.SZ,1
2010-01-04,000839.SZ,1
2010-01-04,000848.SZ,1
2010-01-04,000850.SZ,0
2010-01-04,000851.SZ,1
2010-01-04,000852.SZ,1
2010-01-04,000856.SZ,1
2010-01-04,000858.SZ,1
2010-01-04,000859.SZ,1
2010-01-04,000860.SZ,1
2010-01-04,000861.SZ,1
2010-01-04,000862.SZ,1
2010-01-04,000863.SZ,0
2010-01-04,000868.SZ,1
2010-01-04,000869.SZ,1
2010-01-04,000875.SZ,1
2010-01-04,000876.SZ,1
2010-01-04,000877.SZ,1
2010-01-04,000878.SZ,1
2010-01-04,000880.SZ,1
2010-01-04,000881.SZ,1
2010-01-04,000882.SZ,1
2010-01-04,000883.SZ,1
2010-01-04,000885.SZ,1
2010-01-04,000886.SZ,1
2010-01-04,000887.SZ,1
2010-01-04,000888.SZ,1
2010-01-04,000889.SZ,1
2010-01-04,000890.SZ,1
2010-01-04,000892.SZ,1
2010-01-04,000893.SZ,1
2010-01-04,000895.SZ,1
2010-01-04,000897.SZ,1
2010-01-04,000898.SZ,1
2010-01-04,000899.SZ,1
2010-01-04,000900.SZ,1
2010-01-04,000901.SZ,1
2010-01-04,000902.SZ,1
2010-01-04,000903.SZ,1
2010-01-04,000905.SZ,1
2010-01-04,000906.SZ,1
2010-01-04,000908.SZ,1
2010-01-04,000909.SZ,1
2010-01-04,000910.SZ,1
2010-01-04,000911.SZ,1
2010-01-04,000912.SZ,1
2010-01-04,000913.SZ,1
2010-01-04,000915.SZ,1
2010-01-04,000916.SZ,1
2010-01-04,000917.SZ,1
2010-01-04,000918.SZ,1
2010-01-04,000919.SZ,1
2010-01-04,000920.SZ,1
2010-01-04,000921.SZ,1
2010-01-04,000922.SZ,1
2010-01-04,000923.SZ,1
2010-01-04,000925.SZ,1
2010-01-04,000926.SZ,1
2010-01-04,000927.SZ,1
2010-01-04,000928.SZ,1
2010-01-04,000929.SZ,1
2010-01-04,000930.SZ,1
2010-01-04,000931.SZ,1
2010-01-04,000932.SZ,1
2010-01-04,000933.SZ,1
2010-01-04,000935.SZ,1
2010-01-04,000936.SZ,1
2010-01-04,000937.SZ,1
2010-01-04,000938.SZ,1
2010-01-04,000939.SZ,1
2010-01-04,000948.SZ,1
2010-01-04,000949.SZ,1
2010-01-04,000950.SZ,1
2010-01-04,000951.SZ,1
2010-01-04,000952.SZ,1
2010-01-04,000953.SZ,1
2010-01-04,000955.SZ,1
2010-01-04,000957.SZ,1
2010-01-04,000958.SZ,1
2010-01-04,000959.SZ,1
2010-01-04,000960.SZ,1
2010-01-04,000961.SZ,1
2010-01-04,000962.SZ,1
2010-01-04,000963.SZ,1
2010-01-04,000965.SZ,1
2010-01-04,000966.SZ,1
2010-01-04,000967.SZ,1
2010-01-04,000968.SZ,1
2010-01-04,000969.SZ,1
2010-01-04,000970.SZ,1
2010-01-04,000971.SZ,1
2010-01-04,000972.SZ,1
2010-01-04,000973.SZ,1
2010-01-04,000975.SZ,1
2010-01-04,000976.SZ,1
2010-01-04,000977.SZ,1
2010-01-04,000978.SZ,1
2010-01-04,000979.SZ,1
2010-01-04,000980.SZ,1
2010-01-04,000981.SZ,0
2010-01-04,000982.SZ,1
2010-01-04,000983.SZ,1
2010-01-04,000985.SZ,1
2010-01-04,000987.SZ,1
2010-01-04,000988.SZ,1
2010-01-04,000989.SZ,1
2010-01-04,000990.SZ,1
2010-01-04,000993.SZ,1
2010-01-04,000995.SZ,1
2010-01-04,000996.SZ,1
2010-01-04,000997.SZ,1
2010-01-04,000998.SZ,1
2010-01-04,000999.SZ,1
2010-01-04,001696.SZ,1
2010-01-04,001872.SZ,1
2010-01-04,001896.SZ,1
2010-01-04,001914.SZ,1
2010-01-04,002001.SZ,1
2010-01-04,002002.SZ,1
2010-01-04,002003.SZ,1
2010-01-04,002004.SZ,1
2010-01-04,002005.SZ,1
2010-01-04,002006.SZ,1
2010-01-04,002007.SZ,1
2010-01-04,002008.SZ,1
2010-01-04,002009.SZ,1
2010-01-04,002010.SZ,1
2010-01-04,002011.SZ,1
2010-01-04,002012.SZ,1
2010-01-04,002013.SZ,1
2010-01-04,002014.SZ,1
2010-01-04,002015.SZ,1
2010-01-04,002016.SZ,1
2010-01-04,002017.SZ,1
2010-01-04,002018.SZ,1
2010-01-04,002019.SZ,1
2010-01-04,002020.SZ,1
2010-01-04,002021.SZ,1
2010-01-04,002022.SZ,1
2010-01-04,002023.SZ,1
2010-01-04,002024.SZ,1
2010-01-04,002025.SZ,1
2010-01-04,002026.SZ,1
2010-01-04,002027.SZ,1
2010-01-04,002028.SZ,1
2010-01-04,002029.SZ,1
2010-01-04,002030.SZ,1
2010-01-04,002031.SZ,1
2010-01-04,002032.SZ,1
2010-01-04,002033.SZ,1
2010-01-04,002034.SZ,1
2010-01-04,002035.SZ,1
2010-01-04,002036.SZ,1
2010-01-04,002037.SZ,1
2010-01-04,002038.SZ,1
2010-01-04,002039.SZ,1
2010-01-04,002040.SZ,1
2010-01-04,002041.SZ,1
2010-01-04,002042.SZ,1
2010-01-04,002043.SZ,1
2010-01-04,002044.SZ,1
2010-01-04,002045.SZ,1
2010-01-04,002046.SZ,1
2010-01-04,002047.SZ,1
2010-01-04,002048.SZ,1
2010-01-04,002049.SZ,1
2010-01-04,002050.SZ,1
2010-01-04,002051.SZ,1
2010-01-04,002052.SZ,1
2010-01-04,002053.SZ,1
2010-01-04,002054.SZ,1
2010-01-04,002055.SZ,1
2010-01-04,002056.SZ,1
2010-01-04,002057.SZ,1
2010-01-04,002058.SZ,1
2010-01-04,002059.SZ,1
2010-01-04,002060.SZ,1
2010-01-04,002061.SZ,1
2010-01-04,002062.SZ,1
2010-01-04,002063.SZ,1
2010-01-04,002064.SZ,1
2010-01-04,002065.SZ,1
2010-01-04,002066.SZ,1
2010-01-04,002067.SZ,1
2010-01-04,002068.SZ,1
2010-01-04,002069.SZ,1
2010-01-04,002070.SZ,1
2010-01-04,002071.SZ,1
2010-01-04,002072.SZ,1
2010-01-04,002073.SZ,1
2010-01-04,002074.SZ,1
2010-01-04,002075.SZ,1
2010-01-04,002076.SZ,1
2010-01-04,002077.SZ,1
2010-01-04,002078.SZ,1
2010-01-04,002079.SZ,1
2010-01-04,002080.SZ,1
2010-01-04,002081.SZ,1
2010-01-04,002082.SZ,1
2010-01-04,002083.SZ,1
2010-01-04,002084.SZ,1
2010-01-04,002085.SZ,1
2010-01-04,002086.SZ,1
2010-01-04,002087.SZ,1
2010-01-04,002088.SZ,1
2010-01-04,002089.SZ,1
2010-01-04,002090.SZ,1
2010-01-04,002091.SZ,1
2010-01-04,002092.SZ,1
2010-01-04,002093.SZ,1
2010-01-04,002094.SZ,1
2010-01-04,002095.SZ,1
2010-01-04,002096.SZ,1
2010-01-04,002097.SZ,1
2010-01-04,002098.SZ,1
2010-01-04,002099.SZ,1
2010-01-04,002100.SZ,1
2010-01-04,002101.SZ,1
2010-01-04,002102.SZ,1
2010-01-04,002103.SZ,1
2010-01-04,002104.SZ,1
2010-01-04,002105.SZ,1
2010-01-04,002106.SZ,1
2010-01-04,002107.SZ,1
2010-01-04,002108.SZ,1
2010-01-04,002109.SZ,1
2010-01-04,002110.SZ,1
2010-01-04,002111.SZ,1
2010-01-04,002112.SZ,1
2010-01-04,002113.SZ,1
2010-01-04,002114.SZ,1
2010-01-04,002115.SZ,1
2010-01-04,002116.SZ,1
2010-01-04,002117.SZ,1
2010-01-04,002118.SZ,1
2010-01-04,002119.SZ,1
2010-01-04,002120.SZ,1
2010-01-04,002121.SZ,1
2010-01-04,002122.SZ,1
2010-01-04,002123.SZ,1
2010-01-04,002124.SZ,1
2010-01-04,002125.SZ,1
2010-01-04,002126.SZ,1
2010-01-04,002127.SZ,1
2010-01-04,002128.SZ,1
2010-01-04,002129.SZ,1
2010-01-04,002130.SZ,1
2010-01-04,002131.SZ,1
2010-01-04,002132.SZ,1
2010-01-04,002133.SZ,1
2010-01-04,002134.SZ,1
2010-01-04,002135.SZ,1
2010-01-04,002136.SZ,1
2010-01-04,002137.SZ,1
2010-01-04,002138.SZ,1
2010-01-04,002139.SZ,1
2010-01-04,002140.SZ,1
2010-01-04,002141.SZ,1
2010-01-04,002142.SZ,1
2010-01-04,002143.SZ,1
2010-01-04,002144.SZ,1
2010-01-04,002145.SZ,1
2010-01-04,002146.SZ,1
2010-01-04,002147.SZ,1
2010-01-04,002148.SZ,1
2010-01-04,002149.SZ,1
2010-01-04,002150.SZ,1
2010-01-04,002151.SZ,1
2010-01-04,002152.SZ,1
2010-01-04,002153.SZ,1
2010-01-04,002154.SZ,1
2010-01-04,002155.SZ,1
2010-01-04,002156.SZ,1
2010-01-04,002157.SZ,1
2010-01-04,002158.SZ,1
2010-01-04,002159.SZ,1
2010-01-04,002160.SZ,1
2010-01-04,002161.SZ,1
2010-01-04,002162.SZ,1
2010-01-04,002163.SZ,1
2010-01-04,002164.SZ,1
2010-01-04,002165.SZ,1
2010-01-04,002166.SZ,1
2010-01-04,002167.SZ,1
2010-01-04,002168.SZ,1
2010-01-04,002169.SZ,1
2010-01-04,002170.SZ,1
2010-01-04,002171.SZ,1
2010-01-04,002172.SZ,1
2010-01-04,002173.SZ,1
2010-01-04,002174.SZ,1
2010-01-04,002175.SZ,1
2010-01-04,002176.SZ,1
2010-01-04,002177.SZ,1
2010-01-04,002178.SZ,1
2010-01-04,002179.SZ,1
2010-01-04,002180.SZ,1
2010-01-04,002181.SZ,1
2010-01-04,002182.SZ,1
2010-01-04,002183.SZ,1
2010-01-04,002184.SZ,1
2010-01-04,002185.SZ,1
2010-01-04,002186.SZ,1
2010-01-04,002187.SZ,1
2010-01-04,002188.SZ,1
2010-01-04,002189.SZ,1
2010-01-04,002190.SZ,1
2010-01-04,002191.SZ,1
2010-01-04,002192.SZ,1
2010-01-04,002193.SZ,1
2010-01-04,002194.SZ,1
2010-01-04,002195.SZ,1
2010-01-04,002196.SZ,1
2010-01-04,002197.SZ,1
2010-01-04,002198.SZ,1
2010-01-04,002199.SZ,1
2010-01-04,002200.SZ,1
2010-01-04,002201.SZ,1
2010-01-04,002202.SZ,1
2010-01-04,002203.SZ,1
2010-01-04,002204.SZ,1
2010-01-04,002205.SZ,1
2010-01-04,002206.SZ,1
2010-01-04,002207.SZ,1
2010-01-04,002208.SZ,1
2010-01-04,002209.SZ,1
2010-01-04,002210.SZ,1
2010-01-04,002211.SZ,1
2010-01-04,002212.SZ,1
2010-01-04,002213.SZ,1
2010-01-04,002214.SZ,1
2010-01-04,002215.SZ,1
2010-01-04,002216.SZ,1
2010-01-04,002217.SZ,1
2010-01-04,002218.SZ,1
2010-01-04,002219.SZ,1
2010-01-04,002220.SZ,1
2010-01-04,002221.SZ,1
2010-01-04,002222.SZ,1
2010-01-04,002223.SZ,1
2010-01-04,002224.SZ,1
2010-01-04,002225.SZ,1
2010-01-04,002226.SZ,1
2010-01-04,002227.SZ,1
2010-01-04,002228.SZ,1
2010-01-04,002229.SZ,1
2010-01-04,002230.SZ,1
2010-01-04,002231.SZ,1
2010-01-04,002232.SZ,1
2010-01-04,002233.SZ,1
2010-01-04,002234.SZ,1
2010-01-04,002235.SZ,1
2010-01-04,002236.SZ,1
2010-01-04,002237.SZ,1
2010-01-04,002238.SZ,1
2010-01-04,002239.SZ,1
2010-01-04,002240.SZ,1
2010-01-04,002241.SZ,1
2010-01-04,002242.SZ,1
2010-01-04,002243.SZ,1
2010-01-04,002244.SZ,1
2010-01-04,002245.SZ,1
2010-01-04,002246.SZ,1
2010-01-04,002247.SZ,1
2010-01-04,002248.SZ,1
2010-01-04,002249.SZ,1
2010-01-04,002250.SZ,1
2010-01-04,002251.SZ,1
2010-01-04,002252.SZ,1
2010-01-04,002253.SZ,1
2010-01-04,002254.SZ,1
2010-01-04,002255.SZ,1
2010-01-04,002256.SZ,1
2010-01-04,002258.SZ,1
2010-01-04,002259.SZ,1
2010-01-04,002260.SZ,1
2010-01-04,002261.SZ,1
2010-01-04,002262.SZ,1
2010-01-04,002263.SZ,1
2010-01-04,002264.SZ,1
2010-01-04,002265.SZ,1
2010-01-04,002266.SZ,1
2010-01-04,002267.SZ,1
2010-01-04,002268.SZ,1
2010-01-04,002269.SZ,1
2010-01-04,002270.SZ,1
2010-01-04,002271.SZ,1
2010-01-04,002272.SZ,1
2010-01-04,002273.SZ,1
2010-01-04,002274.SZ,1
2010-01-04,002275.SZ,1
2010-01-04,002276.SZ,1
2010-01-04,002277.SZ,1
2010-01-04,002278.SZ,1
2010-01-04,002279.SZ,1
2010-01-04,002280.SZ,1
2010-01-04,002281.SZ,1
2010-01-04,002282.SZ,1
2010-01-04,002283.SZ,1
2010-01-04,002284.SZ,1
2010-01-04,002285.SZ,1
2010-01-04,002286.SZ,1
2010-01-04,002287.SZ,1
2010-01-04,002288.SZ,1
2010-01-04,002289.SZ,1
2010-01-04,002290.SZ,1
2010-01-04,002291.SZ,1
2010-01-04,002292.SZ,1
2010-01-04,002293.SZ,1
2010-01-04,002294.SZ,1
2010-01-04,002295.SZ,1
2010-01-04,002296.SZ,1
2010-01-04,002297.SZ,1
2010-01-04,002298.SZ,1
2010-01-04,002299.SZ,1
2010-01-04,002300.SZ,1
2010-01-04,002301.SZ,1
2010-01-04,002302.SZ,1
2010-01-04,002303.SZ,1
2010-01-04,002304.SZ,1
2010-01-04,002305.SZ,1
2010-01-04,002306.SZ,1
2010-01-04,002307.SZ,1
2010-01-04,002308.SZ,1
2010-01-04,002309.SZ,1
2010-01-04,002310.SZ,1
2010-01-04,002311.SZ,1
2010-01-04,002312.SZ,1
2010-01-04,002313.SZ,1
2010-01-04,002314.SZ,1
2010-01-04,002315.SZ,1
2010-01-04,002316.SZ,1
2010-01-04,002317.SZ,1
2010-01-04,002318.SZ,1
2010-01-04,002319.SZ,1
2010-01-04,002320.SZ,1
2010-01-04,002321.SZ,1
2010-01-04,002322.SZ,1
2010-01-04,002323.SZ,1
2010-01-04,002324.SZ,1
2010-01-04,002325.SZ,1
2010-01-04,002326.SZ,1
2010-01-04,002327.SZ,1
2010-01-04,002328.SZ,1
2010-01-04,600000.SH,1
2010-01-04,600003.SH,0
2010-01-04,600004.SH,1
2010-01-04,600005.SH,1
2010-01-04,600006.SH,1
2010-01-04,600007.SH,1
2010-01-04,600008.SH,1
2010-01-04,600009.SH,1
2010-01-04,600010.SH,1
2010-01-04,600011.SH,1
2010-01-04,600012.SH,1
2010-01-04,600015.SH,1
2010-01-04,600016.SH,1
2010-01-04,600017.SH,1
2010-01-04,600018.SH,1
2010-01-04,600019.SH,1
2010-01-04,600020.SH,1
2010-01-04,600021.SH,1
2010-01-04,600022.SH,0
2010-01-04,600026.SH,1
2010-01-04,600027.SH,1
2010-01-04,600028.SH,1
2010-01-04,600029.SH,1
2010-01-04,600030.SH,1
2010-01-04,600031.SH,1
2010-01-04,600033.SH,1
2010-01-04,600035.SH,1
2010-01-04,600036.SH,1
2010-01-04,600037.SH,1
2010-01-04,600038.SH,1
2010-01-04,600039.SH,1
2010-01-04,600048.SH,1
2010-01-04,600050.SH,1
2010-01-04,600051.SH,1
2010-01-04,600052.SH,1
2010-01-04,600053.SH,1
2010-01-04,600054.SH,1
2010-01-04,600055.SH,1
2010-01-04,600056.SH,1
2010-01-04,600057.SH,0
2010-01-04,600058.SH,1
2010-01-04,600059.SH,1
2010-01-04,600060.SH,1
2010-01-04,600061.SH,1
2010-01-04,600062.SH,1
2010-01-04,600063.SH,1
2010-01-04,600064.SH,1
2010-01-04,600066.SH,1
2010-01-04,600067.SH,1
2010-01-04,600068.SH,1
2010-01-04,600069.SH,1
2010-01-04,600070.SH,1
2010-01-04,600071.SH,1
2010-01-04,600072.SH,1
2010-01-04,600073.SH,1
2010-01-04,600074.SH,1
2010-01-04,600075.SH,1
2010-01-04,600076.SH,1
2010-01-04,600077.SH,1
2010-01-04,600078.SH,0
2010-01-04,600079.SH,1
2010-01-04,600080.SH,1
2010-01-04,600081.SH,1
2010-01-04,600082.SH,1
2010-01-04,600083.SH,1
2010-01-04,600084.SH,1
2010-01-04,600085.SH,1
2010-01-04,600086.SH,1
2010-01-04,600087.SH,1
2010-01-04,600088.SH,1
2010-01-04,600089.SH,1
2010-01-04,600090.SH,1
2010-01-04,600091.SH,1
2010-01-04,600093.SH,1
2010-01-04,600094.SH,0
2010-01-04,600095.SH,1
2010-01-04,600096.SH,1
2010-01-04,600097.SH,1
2010-01-04,600098.SH,1
2010-01-04,600099.SH,1
2010-01-04,600100.SH,1
2010-01-04,600101.SH,1
2010-01-04,600102.SH,0
2010-01-04,600103.SH,1
2010-01-04,600104.SH,1
2010-01-04,600105.SH,1
2010-01-04,600106.SH,1
2010-01-04,600107.SH,1
2010-01-04,600108.SH,1
2010-01-04,600109.SH,1
2010-01-04,600110.SH,1
2010-01-04,600111.SH,1
2010-01-04,600112.SH,1
2010-01-04,600113.SH,1
2010-01-04,600114.SH,1
2010-01-04,600115.SH,1
2010-01-04,600116.SH,1
2010-01-04,600117.SH,1
2010-01-04,600118.SH,1
2010-01-04,600119.SH,1
2010-01-04,600120.SH,1
2010-01-04,600121.SH,1
2010-01-04,600122.SH,1
2010-01-04,600123.SH,1
2010-01-04,600125.SH,1
2010-01-04,600126.SH,1
2010-01-04,600127.SH,1
2010-01-04,600128.SH,1
2010-01-04,600129.SH,1
2010-01-04,600130.SH,1
2010-01-04,600131.SH,1
2010-01-04,600132.SH,1
2010-01-04,600133.SH,1
2010-01-04,600135.SH,1
2010-01-04,600136.SH,1
2010-01-04,600137.SH,1
2010-01-04,600138.SH,1
2010-01-04,600139.SH,1
2010-01-04,600141.SH,1
2010-01-04,600143.SH,1
2010-01-04,600145.SH,1
2010-01-04,600146.SH,0
2010-01-04,600148.SH,1
2010-01-04,600149.SH,1
2010-01-04,600150.SH,1
2010-01-04,600151.SH,1
2010-01-04,600152.SH,1
2010-01-04,600153.SH,1
2010-01-04,600155.SH,1
2010-01-04,600156.SH,1
2010-01-04,600157.SH,1
2010-01-04,600158.SH,1
2010-01-04,600159.SH,1
2010-01-04,600160.SH,1
2010-01-04,600161.SH,1
2010-01-04,600162.SH,1
2010-01-04,600163.SH,1
2010-01-04,600165.SH,1
2010-01-04,600166.SH,1
2010-01-04,600167.SH,1
2010-01-04,600168.SH,1
2010-01-04,600169.SH,1
2010-01-04,600170.SH,1
2010-01-04,600171.SH,1
2010-01-04,600172.SH,1
2010-01-04,600173.SH,1
2010-01-04,600175.SH,1
2010-01-04,600176.SH,1
2010-01-04,600177.SH,1
2010-01-04,600178.SH,1
2010-01-04,600179.SH,1
2010-01-04,600180.SH,0
2010-01-04,600182.SH,1
2010-01-04,600183.SH,1
2010-01-04,600184.SH,1
2010-01-04,600185.SH,1
2010-01-04,600186.SH,1
2010-01-04,600187.SH,1
2010-01-04,600188.SH,1
2010-01-04,600189.SH,1
2010-01-04,600190.SH,1
2010-01-04,600191.SH,1
2010-01-04,600192.SH,1
2010-01-04,600193.SH,1
2010-01-04,600195.SH,1
2010-01-04,600196.SH,1
2010-01-04,600197.SH,1
2010-01-04,600198.SH,1
2010-01-04,600199.SH,1
2010-01-04,600200.SH,1
2010-01-04,600201.SH,1
2010-01-04,600202.SH,1
2010-01-04,600203.SH,1
2010-01-04,600206.SH,1
2010-01-04,600207.SH,1
2010-01-04,600208.SH,1
2010-01-04,600209.SH,1
2010-01-04,600210.SH,1
2010-01-04,600211.SH,1
2010-01-04,600212.SH,1
2010-01-04,600213.SH,1
2010-01-04,600215.SH,1
2010-01-04,600216.SH,1
2010-01-04,600217.SH,0
2010-01-04,600218.SH,1
2010-01-04,600219.SH,1
2010-01-04,600220.SH,1
2010-01-04,600221.SH,1
2010-01-04,600222.SH,1
2010-01-04,600223.SH,1
2010-01-04,600225.SH,1
2010-01-04,600226.SH,1
2010-01-04,600227.SH,1
2010-01-04,600228.SH,0
2010-01-04,600229.SH,1
2010-01-04,600230.SH,1
2010-01-04,600231.SH,1
2010-01-04,600232.SH,1
2010-01-04,600233.SH,1
2010-01-04,600234.SH,1
2010-01-04,600235.SH,1
2010-01-04,600236.SH,1
2010-01-04,600237.SH,1
2010-01-04,600238.SH,1
2010-01-04,600239.SH,1
2010-01-04,600240.SH,1
2010-01-04,600241.SH,1
2010-01-04,600242.SH,1
2010-01-04,600243.SH,1
2010-01-04,600246.SH,1
2010-01-04,600247.SH,1
2010-01-04,600248.SH,1
2010-01-04,600249.SH,1
2010-01-04,600250.SH,1
2010-01-04,600251.SH,1
2010-01-04,600252.SH,1
2010-01-04,600253.SH,1
2010-01-04,600255.SH,1
2010-01-04,600256.SH,1
2010-01-04,600257.SH,1
2010-01-04,600258.SH,1
2010-01-04,600259.SH,1
2010-01-04,600260.SH,1
2010-01-04,600261.SH,1
2010-01-04,600262.SH,1
2010-01-04,600263.SH,1
2010-01-04,600265.SH,1
2010-01-04,600266.SH,1
2010-01-04,600267.SH,1
2010-01-04,600268.SH,1
2010-01-04,600269.SH,1
2010-01-04,600270.SH,1
2010-01-04,600271.SH,1
2010-01-04,600272.SH,1
2010-01-04,600273.SH,1
2010-01-04,600275.SH,1
2010-01-04,600276.SH,1
2010-01-04,600277.SH,1
2010-01-04,600278.SH,1
2010-01-04,600279.SH,1
2010-01-04,600280.SH,1
2010-01-04,600281.SH,1
2010-01-04,600282.SH,1
2010-01-04,600283.SH,1
2010-01-04,600284.SH,1
2010-01-04,600285.SH,1
2010-01-04,600287.SH,1
2010-01-04,600288.SH,1
2010-01-04,600289.SH,1
2010-01-04,600290.SH,1
2010-01-04,600291.SH,1
2010-01-04,600292.SH,1
2010-01-04,600293.SH,1
2010-01-04,600295.SH,1
2010-01-04,600297.SH,1
2010-01-04,600298.SH,1
2010-01-04,600299.SH,1
2010-01-04,600300.SH,1
2010-01-04,600301.SH,1
2010-01-04,600302.SH,1
2010-01-04,600303.SH,1
2010-01-04,600305.SH,1
2010-01-04,600306.SH,1
2010-01-04,600307.SH,1
2010-01-04,600308.SH,1
2010-01-04,600309.SH,1
2010-01-04,600310.SH,1
2010-01-04,600311.SH,1
2010-01-04,600312.SH,1
2010-01-04,600313.SH,1
2010-01-04,600315.SH,1
2010-01-04,600316.SH,1
2010-01-04,600317.SH,1
2010-01-04,600318.SH,1
2010-01-04,600319.SH,1
2010-01-04,600320.SH,1
2010-01-04,600321.SH,1
2010-01-04,600322.SH,1
2010-01-04,600323.SH,1
2010-01-04,600325.SH,1
2010-01-04,600326.SH,1
2010-01-04,600327.SH,1
2010-01-04,600328.SH,1
2010-01-04,600329.SH,1
2010-01-04,600330.SH,1
2010-01-04,600331.SH,1
2010-01-04,600332.SH,1
2010-01-04,600333.SH,1
2010-01-04,600335.SH,1
2010-01-04,600336.SH,1
2010-01-04,600337.SH,1
2010-01-04,600338.SH,0
2010-01-04,600339.SH,1
2010-01-04,600340.SH,1
2010-01-04,600343.SH,1
2010-01-04,600345.SH,1
2010-01-04,600346.SH,1
2010-01-04,600348.SH,1
2010-01-04,600350.SH,1
2010-01-04,600351.SH,1
2010-01-04,600352.SH,1
2010-01-04,600353.SH,1
2010-01-04,600354.SH,1
2010-01-04,600355.SH,1
2010-01-04,600356.SH,1
2010-01-04,600358.SH,1
2010-01-04,600359.SH,0
2010-01-04,600360.SH,1
2010-01-04,600361.SH,1
2010-01-04,600362.SH,1
2010-01-04,600363.SH,1
2010-01-04,600365.SH,1
2010-01-04,600366.SH,1
2010-01-04,600367.SH,1
2010-01-04,600368.SH,1
2010-01-04,600369.SH,1
2010-01-04,600370.SH,1
2010-01-04,600371.SH,1
2010-01-04,600372.SH,0
2010-01-04,600373.SH,1
2010-01-04,600375.SH,1
2010-01-04,600376.SH,1
2010-01-04,600377.SH,1
2010-01-04,600378.SH,1
2010-01-04,600379.SH,1
2010-01-04,600380.SH,1
2010-01-04,600381.SH,1
2010-01-04,600382.SH,1
2010-01-04,600383.SH,1
2010-01-04,600385.SH,1
2010-01-04,600386.SH,1
2010-01-04,600387.SH,1
2010-01-04,600388.SH,1
2010-01-04,600389.SH,1
2010-01-04,600390.SH,1
2010-01-04,600391.SH,1
2010-01-04,600392.SH,1
2010-01-04,600393.SH,1
2010-01-04,600395.SH,1
2010-01-04,600396.SH,1
2010-01-04,600397.SH,1
2010-01-04,600398.SH,1
2010-01-04,600399.SH,1
2010-01-04,600400.SH,1
2010-01-04,600401.SH,0
2010-01-04,600403.SH,0
2010-01-04,600405.SH,1
2010-01-04,600406.SH,1
2010-01-04,600408.SH,1
2010-01-04,600409.SH,1
2010-01-04,600410.SH,1
2010-01-04,600415.SH,1
2010-01-04,600416.SH,1
2010-01-04,600418.SH,1
2010-01-04,600419.SH,1
2010-01-04,600420.SH,1
2010-01-04,600421.SH,1
2010-01-04,600422.SH,1
2010-01-04,600423.SH,1
2010-01-04,600425.SH,1
2010-01-04,600426.SH,1
2010-01-04,600428.SH,1
2010-01-04,600429.SH,1
2010-01-04,600432.SH,1
2010-01-04,600433.SH,1
2010-01-04,600435.SH,1
2010-01-04,600436.SH,1
2010-01-04,600438.SH,1
2010-01-04,600439.SH,1
2010-01-04,600444.SH,1
2010-01-04,600446.SH,1
2010-01-04,600448.SH,1
2010-01-04,600449.SH,1
2010-01-04,600452.SH,1
2010-01-04,600455.SH,1
2010-01-04,600456.SH,1
2010-01-04,600458.SH,1
2010-01-04,600459.SH,1
2010-01-04,600460.SH,1
2010-01-04,600461.SH,1
2010-01-04,600462.SH,1
2010-01-04,600463.SH,1
2010-01-04,600466.SH,1
2010-01-04,600467.SH,1
2010-01-04,600468.SH,1
2010-01-04,600469.SH,1
2010-01-04,600470.SH,1
2010-01-04,600475.SH,1
2010-01-04,600476.SH,1
2010-01-04,600477.SH,1
2010-01-04,600478.SH,1
2010-01-04,600479.SH,1
2010-01-04,600480.SH,1
2010-01-04,600481.SH,1
2010-01-04,600482.SH,1
2010-01-04,600483.SH,1
2010-01-04,600485.SH,1
2010-01-04,600486.SH,1
2010-01-04,600487.SH,1
2010-01-04,600488.SH,1
2010-01-04,600489.SH,1
2010-01-04,600490.SH,1
2010-01-04,600491.SH,1
2010-01-04,600493.SH,1
2010-01-04,600495.SH,1
2010-01-04,600496.SH,1
2010-01-04,600497.SH,1
2010-01-04,600498.SH,1
2010-01-04,600499.SH,1
2010-01-04,600500.SH,1
2010-01-04,600501.SH,1
2010-01-04,600502.SH,1
2010-01-04,600503.SH,1
2010-01-04,600505.SH,1
2010-01-04,600506.SH,1
2010-01-04,600507.SH,1
2010-01-04,600508.SH,1
2010-01-04,600509.SH,1
2010-01-04,600510.SH,1
2010-01-04,600511.SH,1
2010-01-04,600512.SH,1
2010-01-04,600513.SH,1
2010-01-04,600515.SH,1
2010-01-04,600516.SH,1
2010-01-04,600517.SH,1
2010-01-04,600518.SH,1
2010-01-04,600519.SH,1
2010-01-04,600520.SH,1
2010-01-04,600521.SH,1
2010-01-04,600522.SH,1
2010-01-04,600523.SH,1
2010-01-04,600525.SH,1
2010-01-04,600526.SH,1
2010-01-04,600527.SH,1
2010-01-04,600528.SH,1
2010-01-04,600529.SH,1
2010-01-04,600530.SH,1
2010-01-04,600531.SH,1
2010-01-04,600532.SH,1
2010-01-04,600533.SH,1
2010-01-04,600535.SH,1
2010-01-04,600536.SH,1
2010-01-04,600537.SH,1
2010-01-04,600538.SH,1
2010-01-04,600539.SH,1
2010-01-04,600540.SH,1
2010-01-04,600543.SH,1
2010-01-04,600545.SH,1
2010-01-04,600546.SH,1
2010-01-04,600547.SH,1
2010-01-04,600548.SH,1
2010-01-04,600549.SH,1
2010-01-04,600550.SH,1
2010-01-04,600551.SH,1
2010-01-04,600552.SH,1
2010-01-04,600553.SH,1
2010-01-04,600555.SH,1
2010-01-04,600556.SH,0
2010-01-04,600557.SH,1
2010-01-04,600558.SH,1
2010-01-04,600559.SH,1
2010-01-04,600560.SH,1
2010-01-04,600561.SH,1
2010-01-04,600562.SH,1
2010-01-04,600563.SH,1
2010-01-04,600565.SH,1
2010-01-04,600566.SH,1
2010-01-04,600567.SH,1
2010-01-04,600568.SH,1
2010-01-04,600569.SH,1
2010-01-04,600570.SH,1
2010-01-04,600571.SH,1
2010-01-04,600572.SH,1
2010-01-04,600573.SH,1
2010-01-04,600575.SH,1
2010-01-04,600576.SH,1
2010-01-04,600577.SH,1
2010-01-04,600578.SH,1
2010-01-04,600579.SH,1
2010-01-04,600580.SH,1
2010-01-04,600581.SH,1
2010-01-04,600582.SH,1
2010-01-04,600583.SH,1
2010-01-04,600584.SH,1
2010-01-04,600585.SH,1
2010-01-04,600586.SH,1
2010-01-04,600587.SH,1
2010-01-04,600588.SH,1
2010-01-04,600589.SH,1
2010-01-04,600590.SH,1
2010-01-04,600591.SH,1
2010-01-04,600592.SH,1
2010-01-04,600593.SH,1
2010-01-04,600594.SH,1
2010-01-04,600595.SH,1
2010-01-04,600596.SH,1
2010-01-04,600597.SH,1
2010-01-04,600598.SH,1
2010-01-04,600599.SH,1
2010-01-04,600600.SH,1
2010-01-04,600601.SH,1
2010-01-04,600602.SH,1
2010-01-04,600603.SH,1
2010-01-04,600604.SH,1
2010-01-04,600605.SH,1
2010-01-04,600606.SH,1
2010-01-04,600607.SH,1
2010-01-04,600608.SH,1
2010-01-04,600609.SH,1
2010-01-04,600610.SH,1
2010-01-04,600611.SH,1
2010-01-04,600612.SH,1
2010-01-04,600613.SH,1
2010-01-04,600614.SH,1
2010-01-04,600615.SH,1
2010-01-04,600616.SH,1
2010-01-04,600617.SH,1
2010-01-04,600618.SH,1
2010-01-04,600619.SH,1
2010-01-04,600620.SH,1
2010-01-04,600621.SH,1
2010-01-04,600622.SH,1
2010-01-04,600623.SH,1
2010-01-04,600624.SH,1
2010-01-04,600626.SH,1
2010-01-04,600628.SH,1
2010-01-04,600629.SH,1
2010-01-04,600630.SH,1
2010-01-04,600631.SH,1
2010-01-04,600633.SH,1
2010-01-04,600634.SH,1
2010-01-04,600635.SH,1
2010-01-04,600636.SH,1
2010-01-04,600637.SH,1
2010-01-04,600638.SH,1
2010-01-04,600639.SH,1
2010-01-04,600640.SH,1
2010-01-04,600641.SH,1
2010-01-04,600642.SH,1
2010-01-04,600643.SH,1
2010-01-04,600644.SH,1
2010-01-04,600645.SH,1
2010-01-04,600647.SH,1
2010-01-04,600648.SH,1
2010-01-04,600649.SH,1
2010-01-04,600650.SH,1
2010-01-04,600651.SH,1
2010-01-04,600652.SH,1
2010-01-04,600653.SH,1
2010-01-04,600654.SH,1
2010-01-04,600655.SH,1
2010-01-04,600656.SH,1
2010-01-04,600657.SH,1
2010-01-04,600658.SH,1
2010-01-04,600660.SH,1
2010-01-04,600661.SH,1
2010-01-04,600662.SH,1
2010-01-04,600663.SH,1
2010-01-04,600664.SH,1
2010-01-04,600665.SH,1
2010-01-04,600666.SH,1
2010-01-04,600667.SH,1
2010-01-04,600668.SH,1
2010-01-04,600671.SH,1
2010-01-04,600673.SH,1
2010-01-04,600674.SH,1
2010-01-04,600675.SH,1
2010-01-04,600676.SH,1
2010-01-04,600677.SH,1
2010-01-04,600678.SH,1
2010-01-04,600679.SH,1
2010-01-04,600680.SH,1
2010-01-04,600681.SH,0
2010-01-04,600682.SH,1
2010-01-04,600683.SH,1
2010-01-04,600684.SH,0
2010-01-04,600685.SH,1
2010-01-04,600686.SH,1
2010-01-04,600687.SH,1
2010-01-04,600688.SH,1
2010-01-04,600689.SH,1
2010-01-04,600690.SH,1
2010-01-04,600691.SH,1
2010-01-04,600692.SH,0
2010-01-04,600693.SH,1
2010-01-04,600694.SH,1
2010-01-04,600695.SH,1
2010-01-04,600696.SH,1
2010-01-04,600697.SH,1
2010-01-04,600698.SH,1
2010-01-04,600699.SH,1
2010-01-04,600701.SH,1
2010-01-04,600702.SH,1
2010-01-04,600703.SH,1
2010-01-04,600704.SH,1
2010-01-04,600705.SH,0
2010-01-04,600706.SH,1
2010-01-04,600707.SH,1
2010-01-04,600708.SH,1
2010-01-04,600710.SH,1
2010-01-04,600711.SH,1
2010-01-04,600712.SH,1
2010-01-04,600713.SH,1
2010-01-04,600714.SH,1
2010-01-04,600715.SH,1
2010-01-04,600716.SH,1
2010-01-04,600717.SH,1
2010-01-04,600718.SH,1
2010-01-04,600719.SH,1
2010-01-04,600720.SH,1
2010-01-04,600721.SH,1
2010-01-04,600722.SH,1
2010-01-04,600723.SH,1
2010-01-04,600724.SH,1
2010-01-04,600725.SH,1
2010-01-04,600726.SH,1
2010-01-04,600727.SH,1
2010-01-04,600728.SH,1
2010-01-04,600729.SH,1
2010-01-04,600730.SH,1
2010-01-04,600731.SH,1
2010-01-04,600732.SH,1
2010-01-04,600733.SH,1
2010-01-04,600734.SH,1
2010-01-04,600735.SH,1
2010-01-04,600736.SH,1
2010-01-04,600737.SH,1
2010-01-04,600738.SH,1
2010-01-04,600739.SH,0
2010-01-04,600740.SH,1
2010-01-04,600741.SH,1
2010-01-04,600742.SH,1
2010-01-04,600743.SH,1
2010-01-04,600744.SH,1
2010-01-04,600745.SH,1
2010-01-04,600746.SH,1
2010-01-04,600747.SH,1
2010-01-04,600748.SH,1
2010-01-04,600749.SH,1
2010-01-04,600750.SH,1
2010-01-04,600751.SH,1
2010-01-04,600753.SH,1
2010-01-04,600754.SH,1
2010-01-04,600755.SH,1
2010-01-04,600756.SH,1
2010-01-04,600757.SH,1
2010-01-04,600758.SH,1
2010-01-04,600759.SH,1
2010-01-04,600760.SH,1
2010-01-04,600761.SH,1
2010-01-04,600763.SH,1
2010-01-04,600764.SH,1
2010-01-04,600765.SH,1
2010-01-04,600766.SH,1
2010-01-04,600767.SH,1
2010-01-04,600768.SH,1
2010-01-04,600769.SH,1
2010-01-04,600770.SH,1
2010-01-04,600771.SH,1
2010-01-04,600773.SH,1
2010-01-04,600774.SH,1
2010-01-04,600775.SH,1
2010-01-04,600776.SH,1
2010-01-04,600777.SH,1
2010-01-04,600778.SH,1
2010-01-04,600779.SH,1
2010-01-04,600780.SH,1
2010-01-04,600781.SH,1
2010-01-04,600782.SH,1
2010-01-04,600783.SH,1
2010-01-04,600784.SH,1
2010-01-04,600785.SH,1
2010-01-04,600787.SH,1
2010-01-04,600789.SH,1
2010-01-04,600790.SH,1
2010-01-04,600791.SH,1
2010-01-04,600792.SH,1
2010-01-04,600793.SH,1
2010-01-04,600794.SH,1
2010-01-04,600795.SH,1
2010-01-04,600796.SH,1
2010-01-04,600797.SH,1
2010-01-04,600798.SH,1
2010-01-04,600800.SH,1
2010-01-04,600801.SH,1
2010-01-04,600802.SH,1
2010-01-04,600803.SH,1
2010-01-04,600804.SH,1
2010-01-04,600805.SH,1
2010-01-04,600806.SH,1
2010-01-04,600807.SH,1
2010-01-04,600808.SH,1
2010-01-04,600809.SH,1
2010-01-04,600810.SH,1
2010-01-04,600811.SH,1
2010-01-04,600812.SH,1
2010-01-04,600814.SH,1
2010-01-04,600815.SH,1
2010-01-04,600816.SH,1
2010-01-04,600817.SH,1
2010-01-04,600818.SH,1
2010-01-04,600819.SH,1
2010-01-04,600820.SH,1
2010-01-04,600821.SH,1
2010-01-04,600822.SH,1
2010-01-04,600823.SH,1
2010-01-04,600824.SH,1
2010-01-04,600825.SH,1
2010-01-04,600826.SH,1
2010-01-04,600827.SH,1
2010-01-04,600828.SH,1
2010-01-04,600829.SH,1
2010-01-04,600830.SH,1
2010-01-04,600831.SH,1
2010-01-04,600832.SH,1
2010-01-04,600833.SH,1
2010-01-04,600834.SH,1
2010-01-04,600835.SH,1
2010-01-04,600836.SH,1
2010-01-04,600837.SH,1
2010-01-04,600838.SH,1
2010-01-04,600839.SH,1
2010-01-04,600841.SH,1
2010-01-04,600842.SH,1
2010-01-04,600843.SH,1
2010-01-04,600844.SH,1
2010-01-04,600845.SH,1
2010-01-04,600846.SH,1
2010-01-04,600847.SH,1
2010-01-04,600848.SH,1
2010-01-04,600849.SH,1
2010-01-04,600850.SH,0
2010-01-04,600851.SH,1
2010-01-04,600853.SH,1
2010-01-04,600854.SH,1
2010-01-04,600855.SH,1
2010-01-04,600856.SH,1
2010-01-04,600857.SH,1
2010-01-04,600858.SH,1
2010-01-04,600859.SH,1
2010-01-04,600860.SH,1
2010-01-04,600861.SH,1
2010-01-04,600862.SH,1
2010-01-04,600863.SH,1
2010-01-04,600864.SH,1
2010-01-04,600865.SH,1
2010-01-04,600866.SH,0
2010-01-04,600867.SH,1
2010-01-04,600868.SH,1
2010-01-04,600869.SH,1
2010-01-04,600870.SH,0
2010-01-04,600871.SH,1
2010-01-04,600872.SH,1
2010-01-04,600873.SH,1
2010-01-04,600874.SH,1
2010-01-04,600875.SH,1
2010-01-04,600876.SH,1
2010-01-04,600877.SH,1
2010-01-04,600879.SH,1
2010-01-04,600880.SH,1
2010-01-04,600881.SH,1
2010-01-04,600882.SH,1
2010-01-04,600883.SH,1
2010-01-04,600884.SH,1
2010-01-04,600885.SH,1
2010-01-04,600886.SH,1
2010-01-04,600887.SH,1
2010-01-04,600888.SH,1
2010-01-04,600889.SH,1
2010-01-04,600890.SH,1
2010-01-04,600891.SH,1
2010-01-04,600892.SH,1
2010-01-04,600893.SH,1
2010-01-04,600894.SH,1
2010-01-04,600895.SH,1
2010-01-04,600896.SH,1
2010-01-04,600897.SH,1
2010-01-04,600898.SH,1
2010-01-04,600900.SH,1
2010-01-04,600960.SH,1
2010-01-04,600961.SH,1
2010-01-04,600962.SH,1
2010-01-04,600963.SH,1
2010-01-04,600965.SH,1
2010-01-04,600966.SH,1
2010-01-04,600967.SH,1
2010-01-04,600969.SH,1
2010-01-04,600970.SH,1
2010-01-04,600971.SH,1
2010-01-04,600973.SH,1
2010-01-04,600975.SH,1
2010-01-04,600976.SH,1
2010-01-04,600978.SH,1
2010-01-04,600979.SH,1
2010-01-04,600980.SH,1
2010-01-04,600981.SH,1
2010-01-04,600982.SH,1
2010-01-04,600983.SH,1
2010-01-04,600984.SH,1
2010-01-04,600985.SH,1
2010-01-04,600986.SH,1
2010-01-04,600987.SH,1
2010-01-04,600988.SH,1
2010-01-04,600990.SH,1
2010-01-04,600991.SH,1
2010-01-04,600992.SH,1
2010-01-04,600993.SH,1
2010-01-04,600995.SH,1
2010-01-04,600997.SH,1
2010-01-04,600999.SH,1
2010-01-04,601001.SH,1
2010-01-04,601002.SH,1
2010-01-04,601003.SH,1
2010-01-04,601005.SH,1
2010-01-04,601006.SH,1
2010-01-04,601007.SH,1
2010-01-04,601008.SH,1
2010-01-04,601009.SH,1
2010-01-04,601088.SH,1
2010-01-04,601099.SH,1
2010-01-04,601107.SH,1
2010-01-04,601111.SH,1
2010-01-04,601139.SH,1
2010-01-04,601166.SH,1
2010-01-04,601168.SH,1
2010-01-04,601169.SH,1
2010-01-04,601186.SH,1
2010-01-04,601299.SH,1
2010-01-04,601318.SH,1
2010-01-04,601328.SH,1
2010-01-04,601333.SH,1
2010-01-04,601390.SH,1
2010-01-04,601398.SH,1
2010-01-04,601588.SH,1
2010-01-04,601600.SH,1
2010-01-04,601601.SH,1
2010-01-04,601607.SH,1
2010-01-04,601618.SH,1
2010-01-04,601628.SH,1
2010-01-04,601666.SH,1
2010-01-04,601668.SH,1
2010-01-04,601699.SH,0
2010-01-04,601727.SH,1
2010-01-04,601766.SH,1
2010-01-04,601788.SH,1
2010-01-04,601808.SH,1
2010-01-04,601857.SH,1
2010-01-04,601866.SH,1
2010-01-04,601872.SH,1
2010-01-04,601888.SH,1
2010-01-04,601898.SH,1
2010-01-04,601899.SH,1
2010-01-04,601918.SH,1
2010-01-04,601919.SH,1
2010-01-04,601939.SH,1
2010-01-04,601958.SH,1
2010-01-04,601988.SH,1
2010-01-04,601989.SH,1
2010-01-04,601991.SH,1
2010-01-04,601998.SH,1
2010-01-04,601999.SH,1
2014-01-02,000001.SZ,1
2014-01-02,000002.SZ,1
2014-01-02,000004.SZ,1
2014-01-02,000005.SZ,1
2014-01-02,000006.SZ,1
2014-01-02,000007.SZ,1
2014-01-02,000008.SZ,1
2014-01-02,000009.SZ,1
2014-01-02,000010.SZ,1
2014-01-02,000011.SZ,1
2014-01-02,000012.SZ,1
2014-01-02,000014.SZ,1
2014-01-02,000016.SZ,1
2014-01-02,000017.SZ,1
2014-01-02,000018.SZ,1
2014-01-02,000019.SZ,1
2014-01-02,000020.SZ,1
2014-01-02,000021.SZ,1
2014-01-02,000022.SZ,1
2014-01-02,000023.SZ,1
2014-01-02,000024.SZ,1
2014-01-02,000025.SZ,1
2014-01-02,000026.SZ,1
2014-01-02,000027.SZ,1
2014-01-02,000028.SZ,1
2014-01-02,000029.SZ,1
2014-01-02,000030.SZ,1
2014-01-02,000031.SZ,1
2014-01-02,000032.SZ,1
2014-01-02,000033.SZ,1
2014-01-02,000034.SZ,1
2014-01-02,000035.SZ,1
2014-01-02,000036.SZ,1
2014-01-02,000037.SZ,1
2014-01-02,000038.SZ,1
2014-01-02,000039.SZ,1
2014-01-02,000040.SZ,1
2014-01-02,000042.SZ,1
2014-01-02,000043.SZ,1
2014-01-02,000045.SZ,1
2014-01-02,000046.SZ,1
2014-01-02,000048.SZ,1
2014-01-02,000049.SZ,1
2014-01-02,000050.SZ,1
2014-01-02,000055.SZ,1
2014-01-02,000056.SZ,1
2014-01-02,000058.SZ,1
2014-01-02,000059.SZ,1
2014-01-02,000060.SZ,0
2014-01-02,000061.SZ,1
2014-01-02,000062.SZ,1
2014-01-02,000063.SZ,1
2014-01-02,000065.SZ,1
2014-01-02,000066.SZ,1
2014-01-02,000068.SZ,1
2014-01-02,000069.SZ,1
2014-01-02,000070.SZ,1
2014-01-02,000078.SZ,1
2014-01-02,000088.SZ,1
2014-01-02,000089.SZ,1
2014-01-02,000090.SZ,1
2014-01-02,000096.SZ,1
2014-01-02,000099.SZ,1
2014-01-02,000100.SZ,1
2014-01-02,000150.SZ,1
2014-01-02,000151.SZ,1
2014-01-02,000153.SZ,0
2014-01-02,000155.SZ,1
2014-01-02,000156.SZ,1
2014-01-02,000157.SZ,1
2014-01-02,000158.SZ,1
2014-01-02,000159.SZ,1
2014-01-02,000301.SZ,1
2014-01-02,000333.SZ,1
2014-01-02,000338.SZ,1
2014-01-02,000400.SZ,1
2014-01-02,000401.SZ,1
2014-01-02,000402.SZ,1
2014-01-02,000403.SZ,1
2014-01-02,000404.SZ,1
2014-01-02,000407.SZ,1
2014-01-02,000408.SZ,1
2014-01-02,000409.SZ,1
2014-01-02,000410.SZ,1
2014-01-02,000411.SZ,1
2014-01-02,000413.SZ,1
2014-01-02,000415.SZ,1
2014-01-02,000416.SZ,1
2014-01-02,000417.SZ,1
2014-01-02,000418.SZ,1
2014-01-02,000419.SZ,1
2014-01-02,000420.SZ,1
2014-01-02,000421.SZ,1
2014-01-02,000422.SZ,1
2014-01-02,000423.SZ,1
2014-01-02,000425.SZ,1
2014-01-02,000426.SZ,1
2014-01-02,000428.SZ,1
2014-01-02,000429.SZ,1
2014-01-02,000430.SZ,1
2014-01-02,000488.SZ,1
2014-01-02,000498.SZ,1
2014-01-02,000501.SZ,1
2014-01-02,000502.SZ,1
2014-01-02,000503.SZ,1
2014-01-02,000504.SZ,1
2014-01-02,000505.SZ,0
2014-01-02,000506.SZ,1
2014-01-02,000507.SZ,1
2014-01-02,000509.SZ,0
2014-01-02,000510.SZ,1
2014-01-02,000511.SZ,1
2014-01-02,000513.SZ,1
2014-01-02,000514.SZ,1
2014-01-02,000516.SZ,1
2014-01-02,000517.SZ,1
2014-01-02,000518.SZ,1
2014-01-02,000519.SZ,1
2014-01-02,000520.SZ,0
2014-01-02,000521.SZ,1
2014-01-02,000523.SZ,1
2014-01-02,000524.SZ,1
2014-01-02,000525.SZ,1
2014-01-02,000526.SZ,1
2014-01-02,000528.SZ,1
2014-01-02,000529.SZ,1
2014-01-02,000530.SZ,1
2014-01-02,000531.SZ,1
2014-01-02,000532.SZ,1
2014-01-02,000533.SZ,1
2014-01-02,000534.SZ,1
2014-01-02,000536.SZ,1
2014-01-02,000537.SZ,1
2014-01-02,000538.SZ,1
2014-01-02,000539.SZ,1
2014-01-02,000540.SZ,1
2014-01-02,000541.SZ,1
2014-01-02,000543.SZ,1
2014-01-02,000544.SZ,1
2014-01-02,000545.SZ,1
2014-01-02,000546.SZ,1
2014-01-02,000547.SZ,1
2014-01-02,000548.SZ,1
2014-01-02,000550.SZ,1
2014-01-02,000551.SZ,1
2014-01-02,000552.SZ,1
2014-01-02,000553.SZ,1
2014-01-02,000554.SZ,1
2014-01-02,000555.SZ,1
2014-01-02,000557.SZ,0
2014-01-02,000558.SZ,1
2014-01-02,000559.SZ,1
2014-01-02,000560.SZ,1
2014-01-02,000561.SZ,1
2014-01-02,000562.SZ,0
2014-01-02,000563.SZ,1
2014-01-02,000564.SZ,1
2014-01-02,000565.SZ,1
2014-01-02,000566.SZ,1
2014-01-02,000567.SZ,1
2014-01-02,000568.SZ,1
2014-01-02,000570.SZ,1
2014-01-02,000571.SZ,1
2014-01-02,000572.SZ,1
2014-01-02,000573.SZ,1
2014-01-02,000576.SZ,1
2014-01-02,000581.SZ,1
2014-01-02,000582.SZ,1
2014-01-02,000584.SZ,1
2014-01-02,000585.SZ,1
2014-01-02,000586.SZ,1
2014-01-02,000587.SZ,0
2014-01-02,000589.SZ,1
2014-01-02,000590.SZ,1
2014-01-02,000591.SZ,1
2014-01-02,000592.SZ,1
2014-01-02,000593.SZ,1
2014-01-02,000594.SZ,1
2014-01-02,000595.SZ,1
2014-01-02,000596.SZ,1
2014-01-02,000597.SZ,1
2014-01-02,000598.SZ,1
2014-01-02,000599.SZ,1
2014-01-02,000600.SZ,0
2014-01-02,000601.SZ,1
2014-01-02,000603.SZ,1
2014-01-02,000605.SZ,1
2014-01-02,000606.SZ,1
2014-01-02,000607.SZ,0
2014-01-02,000608.SZ,1
2014-01-02,000609.SZ,1
2014-01-02,000610.SZ,1
2014-01-02,000611.SZ,1
2014-01-02,000612.SZ,1
2014-01-02,000613.SZ,1
2014-01-02,000615.SZ,1
2014-01-02,000616.SZ,1
2014-01-02,000617.SZ,1
2014-01-02,000619.SZ,1
2014-01-02,000620.SZ,1
2014-01-02,000622.SZ,1
2014-01-02,000623.SZ,1
2014-01-02,000625.SZ,0
2014-01-02,000626.SZ,1
2014-01-02,000627.SZ,1
2014-01-02,000628.SZ,1
2014-01-02,000629.SZ,1
2014-01-02,000630.SZ,1
2014-01-02,000631.SZ,1
2014-01-02,000632.SZ,1
2014-01-02,000633.SZ,1
2014-01-02,000635.SZ,1
2014-01-02,000636.SZ,1
2014-01-02,000637.SZ,1
2014-01-02,000638.SZ,1
2014-01-02,000639.SZ,1
2014-01-02,000650.SZ,1
2014-01-02,000651.SZ,1
2014-01-02,000652.SZ,1
2014-01-02,000655.SZ,1
2014-01-02,000656.SZ,1
2014-01-02,000657.SZ,1
2014-01-02,000659.SZ,1
2014-01-02,000661.SZ,1
2014-01-02,000662.SZ,1
2014-01-02,000663.SZ,1
2014-01-02,000665.SZ,1
2014-01-02,000666.SZ,0
2014-01-02,000667.SZ,1
2014-01-02,000668.SZ,0
2014-01-02,000669.SZ,1
2014-01-02,000670.SZ,0
2014-01-02,000671.SZ,1
2014-01-02,000672.SZ,1
2014-01-02,000673.SZ,1
2014-01-02,000676.SZ,1
2014-01-02,000677.SZ,1
2014-01-02,000678.SZ,1
2014-01-02,000679.SZ,1
2014-01-02,000680.SZ,1
2014-01-02,000681.SZ,1
2014-01-02,000682.SZ,1
2014-01-02,000683.SZ,1
2014-01-02,000685.SZ,1
2014-01-02,000686.SZ,1
2014-01-02,000687.SZ,1
2014-01-02,000688.SZ,1
2014-01-02,000690.SZ,1
2014-01-02,000691.SZ,1
2014-01-02,000692.SZ,1
2014-01-02,000693.SZ,0
2014-01-02,000695.SZ,1
2014-01-02,000697.SZ,1
2014-01-02,000698.SZ,1
2014-01-02,000700.SZ,1
2014-01-02,000701.SZ,1
2014-01-02,000702.SZ,1
2014-01-02,000703.SZ,1
2014-01-02,000705.SZ,1
2014-01-02,000707.SZ,1
2014-01-02,000708.SZ,1
2014-01-02,000709.SZ,1
2014-01-02,000710.SZ,0
2014-01-02,000711.SZ,1
2014-01-02,000712.SZ,1
2014-01-02,000713.SZ,1
2014-01-02,000715.SZ,1
2014-01-02,000716.SZ,1
2014-01-02,000717.SZ,1
2014-01-02,000718.SZ,1
2014-01-02,000719.SZ,1
2014-01-02,000720.SZ,1
2014-01-02,000721.SZ,1
2014-01-02,000722.SZ,1
2014-01-02,000723.SZ,1
2014-01-02,000725.SZ,1
2014-01-02,000726.SZ,1
2014-01-02,000727.SZ,0
2014-01-02,000728.SZ,1
2014-01-02,000729.SZ,1
2014-01-02,000731.SZ,1
2014-01-02,000732.SZ,1
2014-01-02,000733.SZ,1
2014-01-02,000735.SZ,0
2014-01-02,000736.SZ,1
2014-01-02,000737.SZ,1
2014-01-02,000738.SZ,1
2014-01-02,000739.SZ,1
2014-01-02,000748.SZ,1
2014-01-02,000750.SZ,1
2014-01-02,000751.SZ,0
2014-01-02,000752.SZ,1
2014-01-02,000753.SZ,1
2014-01-02,000755.SZ,1
2014-01-02,000756.SZ,1
2014-01-02,000757.SZ,1
2014-01-02,000758.SZ,1
2014-01-02,000759.SZ,1
2014-01-02,000760.SZ,1
2014-01-02,000761.SZ,1
2014-01-02,000762.SZ,1
2014-01-02,000766.SZ,1
2014-01-02,000767.SZ,1
2014-01-02,000768.SZ,1
2014-01-02,000776.SZ,1
2014-01-02,000777.SZ,1
2014-01-02,000778.SZ,1
2014-01-02,000779.SZ,1
2014-01-02,000780.SZ,1
2014-01-02,000782.SZ,1
2014-01-02,000783.SZ,1
2014-01-02,000785.SZ,1
2014-01-02,000786.SZ,1
2014-01-02,000788.SZ,1
2014-01-02,000789.SZ,1
2014-01-02,000790.SZ,1
2014-01-02,000791.SZ,1
2014-01-02,000792.SZ,1
2014-01-02,000793.SZ,1
2014-01-02,000795.SZ,1
2014-01-02,000796.SZ,0
2014-01-02,000797.SZ,1
2014-01-02,000798.SZ,1
2014-01-02,000799.SZ,1
2014-01-02,000800.SZ,1
2014-01-02,000801.SZ,1
2014-01-02,000802.SZ,1
2014-01-02,000803.SZ,1
2014-01-02,000806.SZ,1
2014-01-02,000807.SZ,1
2014-01-02,000809.SZ,1
2014-01-02,000810.SZ,1
2014-01-02,000811.SZ,1
2014-01-02,000812.SZ,1
2014-01-02,000813.SZ,1
2014-01-02,000815.SZ,1
2014-01-02,000816.SZ,1
2014-01-02,000818.SZ,1
2014-01-02,000819.SZ,1
2014-01-02,000820.SZ,1
2014-01-02,000821.SZ,1
2014-01-02,000822.SZ,1
2014-01-02,000823.SZ,1
2014-01-02,000825.SZ,1
2014-01-02,000826.SZ,1
2014-01-02,000828.SZ,1
2014-01-02,000829.SZ,1
2014-01-02,000830.SZ,1
2014-01-02,000831.SZ,1
2014-01-02,000833.SZ,1
2014-01-02,000835.SZ,1
2014-01-02,000836.SZ,1
2014-01-02,000837.SZ,1
2014-01-02,000838.SZ,1
2014-01-02,000839.SZ,1
2014-01-02,000848.SZ,1
2014-01-02,000850.SZ,1
2014-01-02,000851.SZ,1
2014-01-02,000852.SZ,1
2014-01-02,000856.SZ,1
2014-01-02,000858.SZ,1
2014-01-02,000859.SZ,1
2014-01-02,000860.SZ,1
2014-01-02,000861.SZ,1
2014-01-02,000862.SZ,1
2014-01-02,000863.SZ,1
2014-01-02,000868.SZ,1
2014-01-02,000869.SZ,1
2014-01-02,000875.SZ,1
2014-01-02,000876.SZ,1
2014-01-02,000877.SZ,1
2014-01-02,000878.SZ,1
2014-01-02,000880.SZ,1
2014-01-02,000881.SZ,1
2014-01-02,000882.SZ,1
2014-01-02,000883.SZ,1
2014-01-02,000885.SZ,1
2014-01-02,000886.SZ,1
2014-01-02,000887.SZ,1
2014-01-02,000888.SZ,1
2014-01-02,000889.SZ,1
2014-01-02,000890.SZ,1
2014-01-02,000892.SZ,1
2014-01-02,000893.SZ,1
2014-01-02,000895.SZ,1
2014-01-02,000897.SZ,1
2014-01-02,000898.SZ,1
2014-01-02,000899.SZ,1
2014-01-02,000900.SZ,1
2014-01-02,000901.SZ,1
2014-01-02,000902.SZ,1
2014-01-02,000903.SZ,0
2014-01-02,000905.SZ,1
2014-01-02,000906.SZ,1
2014-01-02,000908.SZ,1
2014-01-02,000909.SZ,1
2014-01-02,000910.SZ,1
2014-01-02,000911.SZ,1
2014-01-02,000912.SZ,1
2014-01-02,000913.SZ,1
2014-01-02,000915.SZ,1
2014-01-02,000916.SZ,1
2014-01-02,000917.SZ,1
2014-01-02,000918.SZ,1
2014-01-02,000919.SZ,1
2014-01-02,000920.SZ,1
2014-01-02,000921.SZ,1
2014-01-02,000922.SZ,1
2014-01-02,000923.SZ,1
2014-01-02,000925.SZ,1
2014-01-02,000926.SZ,1
2014-01-02,000927.SZ,1
2014-01-02,000928.SZ,1
2014-01-02,000929.SZ,1
2014-01-02,000930.SZ,1
2014-01-02,000931.SZ,1
2014-01-02,000932.SZ,1
2014-01-02,000933.SZ,1
2014-01-02,000935.SZ,1
2014-01-02,000936.SZ,1
2014-01-02,000937.SZ,1
2014-01-02,000938.SZ,1
2014-01-02,000939.SZ,1
2014-01-02,000948.SZ,1
2014-01-02,000949.SZ,1
2014-01-02,000950.SZ,1
2014-01-02,000951.SZ,1
2014-01-02,000952.SZ,1
2014-01-02,000953.SZ,1
2014-01-02,000955.SZ,1
2014-01-02,000957.SZ,1
2014-01-02,000958.SZ,1
2014-01-02,000959.SZ,1
2014-01-02,000960.SZ,1
2014-01-02,000961.SZ,1
2014-01-02,000962.SZ,1
2014-01-02,000963.SZ,1
2014-01-02,000965.SZ,1
2014-01-02,000966.SZ,1
2014-01-02,000967.SZ,1
2014-01-02,000968.SZ,1
2014-01-02,000969.SZ,1
2014-01-02,000970.SZ,1
2014-01-02,000971.SZ,1
2014-01-02,000972.SZ,1
2014-01-02,000973.SZ,1
2014-01-02,000975.SZ,1
2014-01-02,000976.SZ,1
2014-01-02,000977.SZ,1
2014-01-02,000978.SZ,1
2014-01-02,000979.SZ,1
2014-01-02,000980.SZ,1
2014-01-02,000981.SZ,1
2014-01-02,000982.SZ,1
2014-01-02,000983.SZ,1
2014-01-02,000985.SZ,1
2014-01-02,000987.SZ,1
2014-01-02,000988.SZ,1
2014-01-02,000989.SZ,1
2014-01-02,000990.SZ,1
2014-01-02,000993.SZ,1
2014-01-02,000995.SZ,1
2014-01-02,000996.SZ,1
2014-01-02,000997.SZ,1
2014-01-02,000998.SZ,1
2014-01-02,000999.SZ,1
2014-01-02,001696.SZ,0
2014-01-02,001872.SZ,1
2014-01-02,001896.SZ,1
2014-01-02,001914.SZ,1
2014-01-02,002001.SZ,1
2014-01-02,002002.SZ,1
2014-01-02,002003.SZ,1
2014-01-02,002004.SZ,1
2014-01-02,002005.SZ,1
2014-01-02,002006.SZ,1
2014-01-02,002007.SZ,1
2014-01-02,002008.SZ,1
2014-01-02,002009.SZ,1
2014-01-02,002010.SZ,1
2014-01-02,002011.SZ,1
2014-01-02,002012.SZ,1
2014-01-02,002013.SZ,1
2014-01-02,002014.SZ,1
2014-01-02,002015.SZ,1
2014-01-02,002016.SZ,1
2014-01-02,002017.SZ,1
2014-01-02,002018.SZ,1
2014-01-02,002019.SZ,1
2014-01-02,002020.SZ,1
2014-01-02,002021.SZ,0
2014-01-02,002022.SZ,0
2014-01-02,002023.SZ,1
2014-01-02,002024.SZ,1
2014-01-02,002025.SZ,1
2014-01-02,002026.SZ,1
2014-01-02,002027.SZ,1
2014-01-02,002028.SZ,1
2014-01-02,002029.SZ,1
2014-01-02,002030.SZ,1
2014-01-02,002031.SZ,1
2014-01-02,002032.SZ,1
2014-01-02,002033.SZ,1
2014-01-02,002034.SZ,1
2014-01-02,002035.SZ,1
2014-01-02,002036.SZ,1
2014-01-02,002037.SZ,1
2014-01-02,002038.SZ,1
2014-01-02,002039.SZ,1
2014-01-02,002040.SZ,1
2014-01-02,002041.SZ,1
2014-01-02,002042.SZ,1
2014-01-02,002043.SZ,1
2014-01-02,002044.SZ,1
2014-01-02,002045.SZ,1
2014-01-02,002046.SZ,1
2014-01-02,002047.SZ,1
2014-01-02,002048.SZ,1
2014-01-02,002049.SZ,1
2014-01-02,002050.SZ,1
2014-01-02,002051.SZ,1
2014-01-02,002052.SZ,1
2014-01-02,002053.SZ,1
2014-01-02,002054.SZ,1
2014-01-02,002055.SZ,1
2014-01-02,002056.SZ,1
2014-01-02,002057.SZ,1
2014-01-02,002058.SZ,1
2014-01-02,002059.SZ,1
2014-01-02,002060.SZ,0
2014-01-02,002061.SZ,1
2014-01-02,002062.SZ,1
2014-01-02,002063.SZ,1
2014-01-02,002064.SZ,1
2014-01-02,002065.SZ,1
2014-01-02,002066.SZ,1
2014-01-02,002067.SZ,1
2014-01-02,002068.SZ,1
2014-01-02,002069.SZ,1
2014-01-02,002070.SZ,1
2014-01-02,002071.SZ,1
2014-01-02,002072.SZ,1
2014-01-02,002073.SZ,1
2014-01-02,002074.SZ,1
2014-01-02,002075.SZ,1
2014-01-02,002076.SZ,1
2014-01-02,002077.SZ,1
2014-01-02,002078.SZ,1
2014-01-02,002079.SZ,1
2014-01-02,002080.SZ,1
2014-01-02,002081.SZ,1
2014-01-02,002082.SZ,1
2014-01-02,002083.SZ,1
2014-01-02,002084.SZ,1
2014-01-02,002085.SZ,1
2014-01-02,002086.SZ,1
2014-01-02,002087.SZ,1
2014-01-02,002088.SZ,1
2014-01-02,002089.SZ,1
2014-01-02,002090.SZ,1
2014-01-02,002091.SZ,1
2014-01-02,002092.SZ,1
2014-01-02,002093.SZ,1
2014-01-02,002094.SZ,1
2014-01-02,002095.SZ,1
2014-01-02,002096.SZ,1
2014-01-02,002097.SZ,1
2014-01-02,002098.SZ,1
2014-01-02,002099.SZ,0
2014-01-02,002100.SZ,1
2014-01-02,002101.SZ,1
2014-01-02,002102.SZ,1
2014-01-02,002103.SZ,1
2014-01-02,002104.SZ,1
2014-01-02,002105.SZ,1
2014-01-02,002106.SZ,1
2014-01-02,002107.SZ,1
2014-01-02,002108.SZ,1
2014-01-02,002109.SZ,1
2014-01-02,002110.SZ,1
2014-01-02,002111.SZ,1
2014-01-02,002112.SZ,1
2014-01-02,002113.SZ,1
2014-01-02,002114.SZ,1
2014-01-02,002115.SZ,1
2014-01-02,002116.SZ,1
2014-01-02,002117.SZ,1
2014-01-02,002118.SZ,1
2014-01-02,002119.SZ,1
2014-01-02,002120.SZ,1
2014-01-02,002121.SZ,1
2014-01-02,002122.SZ,1
2014-01-02,002123.SZ,1
2014-01-02,002124.SZ,1
2014-01-02,002125.SZ,0
2014-01-02,002126.SZ,1
2014-01-02,002127.SZ,0
2014-01-02,002128.SZ,1
2014-01-02,002129.SZ,1
2014-01-02,002130.SZ,1
2014-01-02,002131.SZ,1
2014-01-02,002132.SZ,1
2014-01-02,002133.SZ,1
2014-01-02,002134.SZ,1
2014-01-02,002135.SZ,1
2014-01-02,002136.SZ,1
2014-01-02,002137.SZ,1
2014-01-02,002138.SZ,1
2014-01-02,002139.SZ,1
2014-01-02,002140.SZ,1
2014-01-02,002141.SZ,1
2014-01-02,002142.SZ,1
2014-01-02,002143.SZ,0
2014-01-02,002144.SZ,1
2014-01-02,002145.SZ,1
2014-01-02,002146.SZ,1
2014-01-02,002147.SZ,1
2014-01-02,002148.SZ,1
2014-01-02,002149.SZ,1
2014-01-02,002150.SZ,1
2014-01-02,002151.SZ,1
2014-01-02,002152.SZ,1
2014-01-02,002153.SZ,1
2014-01-02,002154.SZ,1
2014-01-02,002155.SZ,1
2014-01-02,002156.SZ,1
2014-01-02,002157.SZ,1
2014-01-02,002158.SZ,1
2014-01-02,002159.SZ,1
2014-01-02,002160.SZ,0
2014-01-02,002161.SZ,1
2014-01-02,002162.SZ,1
2014-01-02,002163.SZ,1
2014-01-02,002164.SZ,1
2014-01-02,002165.SZ,1
2014-01-02,002166.SZ,0
2014-01-02,002167.SZ,0
2014-01-02,002168.SZ,1
2014-01-02,002169.SZ,1
2014-01-02,002170.SZ,1
2014-01-02,002171.SZ,1
2014-01-02,002172.SZ,1
2014-01-02,002173.SZ,1
2014-01-02,002174.SZ,1
2014-01-02,002175.SZ,1
2014-01-02,002176.SZ,1
2014-01-02,002177.SZ,1
2014-01-02,002178.SZ,1
2014-01-02,002179.SZ,1
2014-01-02,002180.SZ,0
2014-01-02,002181.SZ,1
2014-01-02,002182.SZ,1
2014-01-02,002183.SZ,1
2014-01-02,002184.SZ,1
2014-01-02,002185.SZ,1
2014-01-02,002186.SZ,1
2014-01-02,002187.SZ,1
2014-01-02,002188.SZ,1
2014-01-02,002189.SZ,1
2014-01-02,002190.SZ,0
2014-01-02,002191.SZ,1
2014-01-02,002192.SZ,1
2014-01-02,002193.SZ,0
2014-01-02,002194.SZ,1
2014-01-02,002195.SZ,0
2014-01-02,002196.SZ,0
2014-01-02,002197.SZ,1
2014-01-02,002198.SZ,1
2014-01-02,002199.SZ,1
2014-01-02,002200.SZ,1
2014-01-02,002201.SZ,1
2014-01-02,002202.SZ,1
2014-01-02,002203.SZ,1
2014-01-02,002204.SZ,1
2014-01-02,002205.SZ,1
2014-01-02,002206.SZ,1
2014-01-02,002207.SZ,1
2014-01-02,002208.SZ,1
2014-01-02,002209.SZ,1
2014-01-02,002210.SZ,1
2014-01-02,002211.SZ,1
2014-01-02,002212.SZ,1
2014-01-02,002213.SZ,1
2014-01-02,002214.SZ,1
2014-01-02,002215.SZ,1
2014-01-02,002216.SZ,1
2014-01-02,002217.SZ,1
2014-01-02,002218.SZ,1
2014-01-02,002219.SZ,1
2014-01-02,002220.SZ,1
2014-01-02,002221.SZ,1
2014-01-02,002222.SZ,1
2014-01-02,002223.SZ,1
2014-01-02,002224.SZ,1
2014-01-02,002225.SZ,1
2014-01-02,002226.SZ,1
2014-01-02,002227.SZ,1
2014-01-02,002228.SZ,1
2014-01-02,002229.SZ,1
2014-01-02,002230.SZ,1
2014-01-02,002231.SZ,1
2014-01-02,002232.SZ,1
2014-01-02,002233.SZ,1
2014-01-02,002234.SZ,1
2014-01-02,002235.SZ,1
2014-01-02,002236.SZ,1
2014-01-02,002237.SZ,1
2014-01-02,002238.SZ,1
2014-01-02,002239.SZ,1
2014-01-02,002240.SZ,1
2014-01-02,002241.SZ,1
2014-01-02,002242.SZ,1
2014-01-02,002243.SZ,1
2014-01-02,002244.SZ,1
2014-01-02,002245.SZ,1
2014-01-02,002246.SZ,1
2014-01-02,002247.SZ,1
2014-01-02,002248.SZ,1
2014-01-02,002249.SZ,1
2014-01-02,002250.SZ,1
2014-01-02,002251.SZ,1
2014-01-02,002252.SZ,1
2014-01-02,002253.SZ,1
2014-01-02,002254.SZ,1
2014-01-02,002255.SZ,1
2014-01-02,002256.SZ,1
2014-01-02,002258.SZ,1
2014-01-02,002259.SZ,1
2014-01-02,002260.SZ,1
2014-01-02,002261.SZ,1
2014-01-02,002262.SZ,1
2014-01-02,002263.SZ,1
2014-01-02,002264.SZ,1
2014-01-02,002265.SZ,1
2014-01-02,002266.SZ,0
2014-01-02,002267.SZ,1
2014-01-02,002268.SZ,1
2014-01-02,002269.SZ,1
2014-01-02,002270.SZ,1
2014-01-02,002271.SZ,1
2014-01-02,002272.SZ,1
2014-01-02,002273.SZ,1
2014-01-02,002274.SZ,1
2014-01-02,002275.SZ,1
2014-01-02,002276.SZ,1
2014-01-02,002277.SZ,1
2014-01-02,002278.SZ,1
2014-01-02,002279.SZ,0
2014-01-02,002280.SZ,1
2014-01-02,002281.SZ,1
2014-01-02,002282.SZ,1
2014-01-02,002283.SZ,1
2014-01-02,002284.SZ,1
2014-01-02,002285.SZ,1
2014-01-02,002286.SZ,1
2014-01-02,002287.SZ,1
2014-01-02,002288.SZ,1
2014-01-02,002289.SZ,1
2014-01-02,002290.SZ,0
2014-01-02,002291.SZ,1
2014-01-02,002292.SZ,1
2014-01-02,002293.SZ,1
2014-01-02,002294.SZ,1
2014-01-02,002295.SZ,0
2014-01-02,002296.SZ,1
2014-01-02,002297.SZ,1
2014-01-02,002298.SZ,1
2014-01-02,002299.SZ,1
2014-01-02,002300.SZ,1
2014-01-02,002301.SZ,1
2014-01-02,002302.SZ,1
2014-01-02,002303.SZ,1
2014-01-02,002304.SZ,1
2014-01-02,002305.SZ,1
2014-01-02,002306.SZ,1
2014-01-02,002307.SZ,1
2014-01-02,002308.SZ,1
2014-01-02,002309.SZ,1
2014-01-02,002310.SZ,1
2014-01-02,002311.SZ,1
2014-01-02,002312.SZ,1
2014-01-02,002313.SZ,1
2014-01-02,002314.SZ,1
2014-01-02,002315.SZ,1
2014-01-02,002316.SZ,1
2014-01-02,002317.SZ,1
2014-01-02,002318.SZ,1
2014-01-02,002319.SZ,1
2014-01-02,002320.SZ,1
2014-01-02,002321.SZ,1
2014-01-02,002322.SZ,1
2014-01-02,002323.SZ,1
2014-01-02,002324.SZ,1
2014-01-02,002325.SZ,1
2014-01-02,002326.SZ,1
2014-01-02,002327.SZ,1
2014-01-02,002328.SZ,1
2014-01-02,002329.SZ,1
2014-01-02,002330.SZ,1
2014-01-02,002331.SZ,1
2014-01-02,002332.SZ,1
2014-01-02,002333.SZ,1
2014-01-02,002334.SZ,1
2014-01-02,002335.SZ,1
2014-01-02,002336.SZ,1
2014-01-02,002337.SZ,1
2014-01-02,002338.SZ,1
2014-01-02,002339.SZ,1
2014-01-02,002340.SZ,1
2014-01-02,002341.SZ,1
2014-01-02,002342.SZ,1
2014-01-02,002343.SZ,1
2014-01-02,002344.SZ,1
2014-01-02,002345.SZ,1
2014-01-02,002346.SZ,0
2014-01-02,002347.SZ,1
2014-01-02,002348.SZ,1
2014-01-02,002349.SZ,1
2014-01-02,002350.SZ,1
2014-01-02,002351.SZ,1
2014-01-02,002352.SZ,1
2014-01-02,002353.SZ,1
2014-01-02,002354.SZ,0
2014-01-02,002355.SZ,1
2014-01-02,002356.SZ,0
2014-01-02,002357.SZ,1
2014-01-02,002358.SZ,1
2014-01-02,002359.SZ,1
2014-01-02,002360.SZ,1
2014-01-02,002361.SZ,1
2014-01-02,002362.SZ,1
2014-01-02,002363.SZ,1
2014-01-02,002364.SZ,1
2014-01-02,002365.SZ,1
2014-01-02,002366.SZ,1
2014-01-02,002367.SZ,1
2014-01-02,002368.SZ,1
2014-01-02,002369.SZ,1
2014-01-02,002370.SZ,1
2014-01-02,002371.SZ,1
2014-01-02,002372.SZ,1
2014-01-02,002373.SZ,1
2014-01-02,002374.SZ,1
2014-01-02,002375.SZ,1
2014-01-02,002376.SZ,1
2014-01-02,002377.SZ,1
2014-01-02,002378.SZ,1
2014-01-02,002379.SZ,1
2014-01-02,002380.SZ,1
2014-01-02,002381.SZ,1
2014-01-02,002382.SZ,1
2014-01-02,002383.SZ,1
2014-01-02,002384.SZ,1
2014-01-02,002385.SZ,1
2014-01-02,002386.SZ,1
2014-01-02,002387.SZ,1
2014-01-02,002388.SZ,1
2014-01-02,002389.SZ,0
2014-01-02,002390.SZ,1
2014-01-02,002391.SZ,1
2014-01-02,002392.SZ,1
2014-01-02,002393.SZ,1
2014-01-02,002394.SZ,1
2014-01-02,002395.SZ,1
2014-01-02,002396.SZ,1
2014-01-02,002397.SZ,1
2014-01-02,002398.SZ,1
2014-01-02,002399.SZ,1
2014-01-02,002400.SZ,1
2014-01-02,002401.SZ,1
2014-01-02,002402.SZ,1
2014-01-02,002403.SZ,1
2014-01-02,002404.SZ,1
2014-01-02,002405.SZ,1
2014-01-02,002406.SZ,1
2014-01-02,002407.SZ,1
2014-01-02,002408.SZ,1
2014-01-02,002409.SZ,1
2014-01-02,002410.SZ,1
2014-01-02,002411.SZ,1
2014-01-02,002412.SZ,1
2014-01-02,002413.SZ,1
2014-01-02,002414.SZ,1
2014-01-02,002415.SZ,1
2014-01-02,002416.SZ,1
2014-01-02,002417.SZ,1
2014-01-02,002418.SZ,1
2014-01-02,002419.SZ,1
2014-01-02,002420.SZ,1
2014-01-02,002421.SZ,1
2014-01-02,002422.SZ,1
2014-01-02,002423.SZ,1
2014-01-02,002424.SZ,1
2014-01-02,002425.SZ,1
2014-01-02,002426.SZ,1
2014-01-02,002427.SZ,1
2014-01-02,002428.SZ,1
2014-01-02,002429.SZ,1
2014-01-02,002430.SZ,1
2014-01-02,002431.SZ,1
2014-01-02,002432.SZ,1
2014-01-02,002433.SZ,1
2014-01-02,002434.SZ,1
2014-01-02,002435.SZ,1
2014-01-02,002436.SZ,1
2014-01-02,002437.SZ,1
2014-01-02,002438.SZ,1
2014-01-02,002439.SZ,1
2014-01-02,002440.SZ,1
2014-01-02,002441.SZ,1
2014-01-02,002442.SZ,1
2014-01-02,002443.SZ,1
2014-01-02,002444.SZ,1
2014-01-02,002445.SZ,0
2014-01-02,002446.SZ,0
2014-01-02,002447.SZ,1
2014-01-02,002448.SZ,1
2014-01-02,002449.SZ,1
2014-01-02,002450.SZ,1
2014-01-02,002451.SZ,1
2014-01-02,002452.SZ,1
2014-01-02,002453.SZ,1
2014-01-02,002454.SZ,1
2014-01-02,002455.SZ,1
2014-01-02,002456.SZ,1
2014-01-02,002457.SZ,1
2014-01-02,002458.SZ,1
2014-01-02,002459.SZ,1
2014-01-02,002460.SZ,1
2014-01-02,002461.SZ,1
2014-01-02,002462.SZ,1
2014-01-02,002463.SZ,1
2014-01-02,002464.SZ,1
2014-01-02,002465.SZ,1
2014-01-02,002466.SZ,1
2014-01-02,002467.SZ,1
2014-01-02,002468.SZ,1
2014-01-02,002469.SZ,1
2014-01-02,002470.SZ,1
2014-01-02,002471.SZ,1
2014-01-02,002472.SZ,1
2014-01-02,002473.SZ,1
2014-01-02,002474.SZ,1
2014-01-02,002475.SZ,1
2014-01-02,002476.SZ,0
2014-01-02,002477.SZ,1
2014-01-02,002478.SZ,1
2014-01-02,002479.SZ,1
2014-01-02,002480.SZ,1
2014-01-02,002481.SZ,1
2014-01-02,002482.SZ,1
2014-01-02,002483.SZ,1
2014-01-02,002484.SZ,1
2014-01-02,002485.SZ,1
2014-01-02,002486.SZ,1
2014-01-02,002487.SZ,1
2014-01-02,002488.SZ,1
2014-01-02,002489.SZ,1
2014-01-02,002490.SZ,1
2014-01-02,002491.SZ,1
2014-01-02,002492.SZ,1
2014-01-02,002493.SZ,1
2014-01-02,002494.SZ,1
2014-01-02,002495.SZ,1
2014-01-02,002496.SZ,1
2014-01-02,002497.SZ,1
2014-01-02,002498.SZ,1
2014-01-02,002499.SZ,1
2014-01-02,002500.SZ,1
2014-01-02,002501.SZ,1
2014-01-02,002502.SZ,1
2014-01-02,002503.SZ,1
2014-01-02,002504.SZ,0
2014-01-02,002505.SZ,1
2014-01-02,002506.SZ,1
2014-01-02,002507.SZ,1
2014-01-02,002508.SZ,1
2014-01-02,002509.SZ,1
2014-01-02,002510.SZ,1
2014-01-02,002511.SZ,1
2014-01-02,002512.SZ,1
2014-01-02,002513.SZ,1
2014-01-02,002514.SZ,1
2014-01-02,002515.SZ,1
2014-01-02,002516.SZ,1
2014-01-02,002517.SZ,1
2014-01-02,002518.SZ,1
2014-01-02,002519.SZ,0
2014-01-02,002520.SZ,1
2014-01-02,002521.SZ,1
2014-01-02,002522.SZ,1
2014-01-02,002523.SZ,1
2014-01-02,002524.SZ,1
2014-01-02,002526.SZ,1
2014-01-02,002527.SZ,0
2014-01-02,002528.SZ,1
2014-01-02,002529.SZ,1
2014-01-02,002530.SZ,1
2014-01-02,002531.SZ,1
2014-01-02,002532.SZ,1
2014-01-02,002533.SZ,1
2014-01-02,002534.SZ,1
2014-01-02,002535.SZ,1
2014-01-02,002536.SZ,1
2014-01-02,002537.SZ,1
2014-01-02,002538.SZ,1
2014-01-02,002539.SZ,1
2014-01-02,002540.SZ,1
2014-01-02,002541.SZ,1
2014-01-02,002542.SZ,0
2014-01-02,002543.SZ,1
2014-01-02,002544.SZ,1
2014-01-02,002545.SZ,1
2014-01-02,002546.SZ,1
2014-01-02,002547.SZ,1
2014-01-02,002548.SZ,1
2014-01-02,002549.SZ,1
2014-01-02,002550.SZ,1
2014-01-02,002551.SZ,1
2014-01-02,002552.SZ,1
2014-01-02,002553.SZ,1
2014-01-02,002554.SZ,1
2014-01-02,002555.SZ,1
2014-01-02,002556.SZ,1
2014-01-02,002557.SZ,1
2014-01-02,002558.SZ,1
2014-01-02,002559.SZ,1
2014-01-02,002560.SZ,1
2014-01-02,002561.SZ,1
2014-01-02,002562.SZ,1
2014-01-02,002563.SZ,1
2014-01-02,002564.SZ,1
2014-01-02,002565.SZ,1
2014-01-02,002566.SZ,1
2014-01-02,002567.SZ,1
2014-01-02,002568.SZ,1
2014-01-02,002569.SZ,1
2014-01-02,002570.SZ,1
2014-01-02,002571.SZ,1
2014-01-02,002572.SZ,1
2014-01-02,002573.SZ,0
2014-01-02,002574.SZ,1
2014-01-02,002575.SZ,1
2014-01-02,002576.SZ,1
2014-01-02,002577.SZ,1
2014-01-02,002578.SZ,1
2014-01-02,002579.SZ,0
2014-01-02,002580.SZ,1
2014-01-02,002581.SZ,1
2014-01-02,002582.SZ,1
2014-01-02,002583.SZ,1
2014-01-02,002584.SZ,1
2014-01-02,002585.SZ,1
2014-01-02,002586.SZ,1
2014-01-02,002587.SZ,1
2014-01-02,002588.SZ,1
2014-01-02,002589.SZ,1
2014-01-02,002590.SZ,1
2014-01-02,002591.SZ,1
2014-01-02,002592.SZ,1
2014-01-02,002593.SZ,1
2014-01-02,002594.SZ,1
2014-01-02,002595.SZ,1
2014-01-02,002596.SZ,1
2014-01-02,002597.SZ,1
2014-01-02,002598.SZ,1
2014-01-02,002599.SZ,1
2014-01-02,002600.SZ,1
2014-01-02,002601.SZ,1
2014-01-02,002602.SZ,0
2014-01-02,002603.SZ,1
2014-01-02,002604.SZ,1
2014-01-02,002605.SZ,1
2014-01-02,002606.SZ,1
2014-01-02,002607.SZ,1
2014-01-02,002608.SZ,1
2014-01-02,002609.SZ,1
2014-01-02,002610.SZ,1
2014-01-02,002611.SZ,1
2014-01-02,002612.SZ,1
2014-01-02,002613.SZ,1
2014-01-02,002614.SZ,1
2014-01-02,002615.SZ,1
2014-01-02,002616.SZ,1
2014-01-02,002617.SZ,1
2014-01-02,002618.SZ,1
2014-01-02,002619.SZ,1
2014-01-02,002620.SZ,1
2014-01-02,002621.SZ,1
2014-01-02,002622.SZ,1
2014-01-02,002623.SZ,1
2014-01-02,002624.SZ,1
2014-01-02,002625.SZ,1
2014-01-02,002626.SZ,1
2014-01-02,002627.SZ,1
2014-01-02,002628.SZ,1
2014-01-02,002629.SZ,1
2014-01-02,002630.SZ,1
2014-01-02,002631.SZ,1
2014-01-02,002632.SZ,1
2014-01-02,002633.SZ,1
2014-01-02,002634.SZ,1
2014-01-02,002635.SZ,1
2014-01-02,002636.SZ,1
2014-01-02,002637.SZ,1
2014-01-02,002638.SZ,1
2014-01-02,002639.SZ,1
2014-01-02,002640.SZ,1
2014-01-02,002641.SZ,1
2014-01-02,002642.SZ,1
2014-01-02,002643.SZ,1
2014-01-02,002644.SZ,1
2014-01-02,002645.SZ,1
2014-01-02,002646.SZ,1
2014-01-02,002647.SZ,1
2014-01-02,002648.SZ,1
2014-01-02,002649.SZ,1
2014-01-02,002650.SZ,1
2014-01-02,002651.SZ,1
2014-01-02,002652.SZ,1
2014-01-02,002653.SZ,1
2014-01-02,002654.SZ,1
2014-01-02,002655.SZ,1
2014-01-02,002656.SZ,1
2014-01-02,002657.SZ,1
2014-01-02,002658.SZ,1
2014-01-02,002659.SZ,1
2014-01-02,002660.SZ,1
2014-01-02,002661.SZ,1
2014-01-02,002662.SZ,1
2014-01-02,002663.SZ,1
2014-01-02,002664.SZ,1
2014-01-02,002665.SZ,0
2014-01-02,002666.SZ,1
2014-01-02,002667.SZ,1
2014-01-02,002668.SZ,1
2014-01-02,002669.SZ,1
2014-01-02,002670.SZ,1
2014-01-02,002671.SZ,1
2014-01-02,002672.SZ,1
2014-01-02,002673.SZ,1
2014-01-02,002674.SZ,1
2014-01-02,002675.SZ,1
2014-01-02,002676.SZ,1
2014-01-02,002677.SZ,1
2014-01-02,002678.SZ,1
2014-01-02,002679.SZ,1
2014-01-02,002680.SZ,1
2014-01-02,002681.SZ,1
2014-01-02,002682.SZ,1
2014-01-02,002683.SZ,1
2014-01-02,002684.SZ,1
2014-01-02,002685.SZ,1
2014-01-02,002686.SZ,1
2014-01-02,002687.SZ,1
2014-01-02,002688.SZ,1
2014-01-02,002689.SZ,1
2014-01-02,002690.SZ,1
2014-01-02,002691.SZ,1
2014-01-02,002692.SZ,1
2014-01-02,002693.SZ,1
2014-01-02,002694.SZ,1
2014-01-02,002695.SZ,1
2014-01-02,002696.SZ,1
2014-01-02,002697.SZ,1
2014-01-02,002698.SZ,1
2014-01-02,002699.SZ,1
2014-01-02,002700.SZ,1
2014-01-02,002701.SZ,1
2014-01-02,002702.SZ,1
2014-01-02,002703.SZ,1
2014-01-02,600000.SH,1
2014-01-02,600004.SH,1
2014-01-02,600005.SH,1
2014-01-02,600006.SH,1
2014-01-02,600007.SH,1
2014-01-02,600008.SH,1
2014-01-02,600009.SH,1
2014-01-02,600010.SH,1
2014-01-02,600011.SH,1
2014-01-02,600012.SH,1
2014-01-02,600015.SH,1
2014-01-02,600016.SH,1
2014-01-02,600017.SH,1
2014-01-02,600018.SH,1
2014-01-02,600019.SH,1
2014-01-02,600020.SH,1
2014-01-02,600021.SH,1
2014-01-02,600022.SH,1
2014-01-02,600023.SH,1
2014-01-02,600026.SH,1
2014-01-02,600027.SH,1
2014-01-02,600028.SH,1
2014-01-02,600029.SH,1
2014-01-02,600030.SH,1
2014-01-02,600031.SH,1
2014-01-02,600033.SH,1
2014-01-02,600035.SH,1
2014-01-02,600036.SH,1
2014-01-02,600037.SH,1
2014-01-02,600038.SH,1
2014-01-02,600039.SH,1
2014-01-02,600048.SH,1
2014-01-02,600050.SH,1
2014-01-02,600051.SH,0
2014-01-02,600052.SH,1
2014-01-02,600053.SH,0
2014-01-02,600054.SH,1
2014-01-02,600055.SH,1
2014-01-02,600056.SH,1
2014-01-02,600057.SH,0
2014-01-02,600058.SH,0
2014-01-02,600059.SH,1
2014-01-02,600060.SH,1
2014-01-02,600061.SH,1
2014-01-02,600062.SH,1
2014-01-02,600063.SH,0
2014-01-02,600064.SH,1
2014-01-02,600066.SH,1
2014-01-02,600067.SH,1
2014-01-02,600068.SH,1
2014-01-02,600069.SH,1
2014-01-02,600070.SH,1
2014-01-02,600071.SH,1
2014-01-02,600072.SH,1
2014-01-02,600073.SH,1
2014-01-02,600074.SH,0
2014-01-02,600075.SH,1
2014-01-02,600076.SH,1
2014-01-02,600077.SH,1
2014-01-02,600078.SH,1
2014-01-02,600079.SH,1
2014-01-02,600080.SH,1
2014-01-02,600081.SH,1
2014-01-02,600082.SH,1
2014-01-02,600083.SH,1
2014-01-02,600084.SH,1
2014-01-02,600085.SH,1
2014-01-02,600086.SH,1
2014-01-02,600087.SH,0
2014-01-02,600088.SH,1
2014-01-02,600089.SH,1
2014-01-02,600090.SH,1
2014-01-02,600091.SH,1
2014-01-02,600093.SH,1
2014-01-02,600094.SH,1
2014-01-02,600095.SH,1
2014-01-02,600096.SH,1
2014-01-02,600097.SH,1
2014-01-02,600098.SH,1
2014-01-02,600099.SH,1
2014-01-02,600100.SH,1
2014-01-02,600101.SH,1
2014-01-02,600103.SH,1
2014-01-02,600104.SH,1
2014-01-02,600105.SH,1
2014-01-02,600106.SH,1
2014-01-02,600107.SH,1
2014-01-02,600108.SH,1
2014-01-02,600109.SH,1
2014-01-02,600110.SH,1
2014-01-02,600111.SH,1
2014-01-02,600112.SH,1
2014-01-02,600113.SH,1
2014-01-02,600114.SH,1
2014-01-02,600115.SH,1
2014-01-02,600116.SH,1
2014-01-02,600117.SH,1
2014-01-02,600118.SH,1
2014-01-02,600119.SH,1
2014-01-02,600120.SH,1
2014-01-02,600121.SH,1
2014-01-02,600122.SH,1
2014-01-02,600123.SH,1
2014-01-02,600125.SH,1
2014-01-02,600126.SH,1
2014-01-02,600127.SH,1
2014-01-02,600128.SH,1
2014-01-02,600129.SH,1
2014-01-02,600130.SH,1
2014-01-02,600131.SH,1
2014-01-02,600132.SH,1
2014-01-02,600133.SH,1
2014-01-02,600135.SH,1
2014-01-02,600136.SH,1
2014-01-02,600137.SH,1
2014-01-02,600138.SH,1
2014-01-02,600139.SH,1
2014-01-02,600141.SH,0
2014-01-02,600143.SH,1
2014-01-02,600145.SH,1
2014-01-02,600146.SH,0
2014-01-02,600148.SH,1
2014-01-02,600149.SH,1
2014-01-02,600150.SH,1
2014-01-02,600151.SH,1
2014-01-02,600152.SH,1
2014-01-02,600153.SH,1
2014-01-02,600155.SH,1
2014-01-02,600156.SH,1
2014-01-02,600157.SH,1
2014-01-02,600158.SH,1
2014-01-02,600159.SH,1
2014-01-02,600160.SH,1
2014-01-02,600161.SH,1
2014-01-02,600162.SH,1
2014-01-02,600163.SH,1
2014-01-02,600165.SH,1
2014-01-02,600166.SH,1
2014-01-02,600167.SH,1
2014-01-02,600168.SH,1
2014-01-02,600169.SH,1
2014-01-02,600170.SH,1
2014-01-02,600171.SH,1
2014-01-02,600172.SH,1
2014-01-02,600173.SH,1
2014-01-02,600175.SH,1
2014-01-02,600176.SH,1
2014-01-02,600177.SH,1
2014-01-02,600178.SH,1
2014-01-02,600179.SH,1
2014-01-02,600180.SH,1
2014-01-02,600182.SH,1
2014-01-02,600183.SH,1
2014-01-02,600184.SH,1
2014-01-02,600185.SH,1
2014-01-02,600186.SH,1
2014-01-02,600187.SH,1
2014-01-02,600188.SH,1
2014-01-02,600189.SH,1
2014-01-02,600190.SH,1
2014-01-02,600191.SH,1
2014-01-02,600192.SH,1
2014-01-02,600193.SH,1
2014-01-02,600195.SH,1
2014-01-02,600196.SH,1
2014-01-02,600197.SH,1
2014-01-02,600198.SH,1
2014-01-02,600199.SH,1
2014-01-02,600200.SH,1
2014-01-02,600201.SH,1
2014-01-02,600202.SH,1
2014-01-02,600203.SH,1
2014-01-02,600206.SH,1
2014-01-02,600207.SH,1
2014-01-02,600208.SH,1
2014-01-02,600209.SH,1
2014-01-02,600210.SH,1
2014-01-02,600211.SH,1
2014-01-02,600212.SH,1
2014-01-02,600213.SH,1
2014-01-02,600215.SH,1
2014-01-02,600216.SH,1
2014-01-02,600217.SH,0
2014-01-02,600218.SH,1
2014-01-02,600219.SH,1
2014-01-02,600220.SH,1
2014-01-02,600221.SH,1
2014-01-02,600222.SH,1
2014-01-02,600223.SH,1
2014-01-02,600225.SH,1
2014-01-02,600226.SH,1
2014-01-02,600227.SH,1
2014-01-02,600228.SH,1
2014-01-02,600229.SH,1
2014-01-02,600230.SH,1
2014-01-02,600231.SH,1
2014-01-02,600232.SH,1
2014-01-02,600233.SH,1
2014-01-02,600234.SH,0
2014-01-02,600235.SH,1
2014-01-02,600236.SH,1
2014-01-02,600237.SH,1
2014-01-02,600238.SH,1
2014-01-02,600239.SH,1
2014-01-02,600240.SH,1
2014-01-02,600241.SH,1
2014-01-02,600242.SH,1
2014-01-02,600243.SH,0
2014-01-02,600246.SH,1
2014-01-02,600247.SH,1
2014-01-02,600248.SH,1
2014-01-02,600249.SH,1
2014-01-02,600250.SH,1
2014-01-02,600251.SH,1
2014-01-02,600252.SH,1
2014-01-02,600255.SH,1
2014-01-02,600256.SH,1
2014-01-02,600257.SH,1
2014-01-02,600258.SH,1
2014-01-02,600259.SH,1
2014-01-02,600260.SH,1
2014-01-02,600261.SH,1
2014-01-02,600262.SH,1
2014-01-02,600265.SH,1
2014-01-02,600266.SH,1
2014-01-02,600267.SH,1
2014-01-02,600268.SH,1
2014-01-02,600269.SH,1
2014-01-02,600270.SH,1
2014-01-02,600271.SH,1
2014-01-02,600272.SH,1
2014-01-02,600273.SH,1
2014-01-02,600275.SH,0
2014-01-02,600276.SH,1
2014-01-02,600277.SH,1
2014-01-02,600278.SH,1
2014-01-02,600279.SH,1
2014-01-02,600280.SH,1
2014-01-02,600281.SH,1
2014-01-02,600282.SH,1
2014-01-02,600283.SH,1
2014-01-02,600284.SH,1
2014-01-02,600285.SH,1
2014-01-02,600287.SH,1
2014-01-02,600288.SH,1
2014-01-02,600289.SH,1
2014-01-02,600290.SH,1
2014-01-02,600291.SH,1
2014-01-02,600292.SH,1
2014-01-02,600293.SH,1
2014-01-02,600295.SH,1
2014-01-02,600297.SH,1
2014-01-02,600298.SH,1
2014-01-02,600299.SH,1
2014-01-02,600300.SH,1
2014-01-02,600301.SH,1
2014-01-02,600302.SH,1
2014-01-02,600303.SH,1
2014-01-02,600305.SH,1
2014-01-02,600306.SH,1
2014-01-02,600307.SH,1
2014-01-02,600308.SH,1
2014-01-02,600309.SH,1
2014-01-02,600310.SH,1
2014-01-02,600311.SH,1
2014-01-02,600312.SH,1
2014-01-02,600313.SH,1
2014-01-02,600315.SH,1
2014-01-02,600316.SH,1
2014-01-02,600317.SH,1
2014-01-02,600318.SH,1
2014-01-02,600319.SH,1
2014-01-02,600320.SH,1
2014-01-02,600321.SH,1
2014-01-02,600322.SH,1
2014-01-02,600323.SH,1
2014-01-02,600325.SH,1
2014-01-02,600326.SH,1
2014-01-02,600327.SH,1
2014-01-02,600328.SH,1
2014-01-02,600329.SH,1
2014-01-02,600330.SH,1
2014-01-02,600331.SH,1
2014-01-02,600332.SH,1
2014-01-02,600333.SH,1
2014-01-02,600335.SH,1
2014-01-02,600336.SH,1
2014-01-02,600337.SH,1
2014-01-02,600338.SH,1
2014-01-02,600339.SH,1
2014-01-02,600340.SH,1
2014-01-02,600343.SH,1
2014-01-02,600345.SH,1
2014-01-02,600346.SH,1
2014-01-02,600348.SH,1
2014-01-02,600350.SH,1
2014-01-02,600351.SH,1
2014-01-02,600352.SH,1
2014-01-02,600353.SH,1
2014-01-02,600354.SH,1
2014-01-02,600355.SH,1
2014-01-02,600356.SH,1
2014-01-02,600358.SH,1
2014-01-02,600359.SH,1
2014-01-02,600360.SH,1
2014-01-02,600361.SH,1
2014-01-02,600362.SH,1
2014-01-02,600363.SH,1
2014-01-02,600365.SH,1
2014-01-02,600366.SH,1
2014-01-02,600367.SH,1
2014-01-02,600368.SH,1
2014-01-02,600369.SH,1
2014-01-02,600370.SH,0
2014-01-02,600371.SH,1
2014-01-02,600372.SH,1
2014-01-02,600373.SH,1
2014-01-02,600375.SH,1
2014-01-02,600376.SH,1
2014-01-02,600377.SH,1
2014-01-02,600378.SH,1
2014-01-02,600379.SH,1
2014-01-02,600380.SH,1
2014-01-02,600381.SH,0
2014-01-02,600382.SH,1
2014-01-02,600383.SH,1
2014-01-02,600385.SH,0
2014-01-02,600386.SH,1
2014-01-02,600387.SH,1
2014-01-02,600388.SH,1
2014-01-02,600389.SH,1
2014-01-02,600390.SH,1
2014-01-02,600391.SH,1
2014-01-02,600392.SH,1
2014-01-02,600393.SH,1
2014-01-02,600395.SH,1
2014-01-02,600396.SH,1
2014-01-02,600397.SH,1
2014-01-02,600398.SH,1
2014-01-02,600399.SH,1
2014-01-02,600400.SH,1
2014-01-02,600401.SH,1
2014-01-02,600403.SH,1
2014-01-02,600405.SH,1
2014-01-02,600406.SH,1
2014-01-02,600408.SH,1
2014-01-02,600409.SH,1
2014-01-02,600410.SH,1
2014-01-02,600415.SH,1
2014-01-02,600416.SH,1
2014-01-02,600418.SH,1
2014-01-02,600419.SH,1
2014-01-02,600420.SH,1
2014-01-02,600421.SH,1
2014-01-02,600422.SH,1
2014-01-02,600423.SH,1
2014-01-02,600425.SH,1
2014-01-02,600426.SH,1
2014-01-02,600428.SH,1
2014-01-02,600429.SH,1
2014-01-02,600432.SH,1
2014-01-02,600433.SH,1
2014-01-02,600435.SH,1
2014-01-02,600436.SH,1
2014-01-02,600438.SH,1
2014-01-02,600439.SH,1
2014-01-02,600444.SH,0
2014-01-02,600446.SH,1
2014-01-02,600448.SH,1
2014-01-02,600449.SH,1
2014-01-02,600452.SH,1
2014-01-02,600455.SH,1
2014-01-02,600456.SH,1
2014-01-02,600458.SH,1
2014-01-02,600459.SH,1
2014-01-02,600460.SH,1
2014-01-02,600461.SH,1
2014-01-02,600462.SH,1
2014-01-02,600463.SH,1
2014-01-02,600466.SH,1
2014-01-02,600467.SH,1
2014-01-02,600468.SH,1
2014-01-02,600469.SH,1
2014-01-02,600470.SH,1
2014-01-02,600475.SH,1
2014-01-02,600476.SH,1
2014-01-02,600477.SH,1
2014-01-02,600478.SH,1
2014-01-02,600479.SH,1
2014-01-02,600480.SH,1
2014-01-02,600481.SH,1
2014-01-02,600482.SH,1
2014-01-02,600483.SH,1
2014-01-02,600485.SH,0
2014-01-02,600486.SH,1
2014-01-02,600487.SH,1
2014-01-02,600488.SH,1
2014-01-02,600489.SH,1
2014-01-02,600490.SH,1
2014-01-02,600491.SH,1
2014-01-02,600493.SH,1
2014-01-02,600495.SH,1
2014-01-02,600496.SH,1
2014-01-02,600497.SH,1
2014-01-02,600498.SH,1
2014-01-02,600499.SH,1
2014-01-02,600500.SH,1
2014-01-02,600501.SH,1
2014-01-02,600502.SH,1
2014-01-02,600503.SH,1
2014-01-02,600505.SH,1
2014-01-02,600506.SH,1
2014-01-02,600507.SH,1
2014-01-02,600508.SH,1
2014-01-02,600509.SH,1
2014-01-02,600510.SH,1
2014-01-02,600511.SH,1
2014-01-02,600512.SH,1
2014-01-02,600513.SH,1
2014-01-02,600515.SH,1
2014-01-02,600516.SH,1
2014-01-02,600517.SH,1
2014-01-02,600518.SH,1
2014-01-02,600519.SH,1
2014-01-02,600520.SH,1
2014-01-02,600521.SH,1
2014-01-02,600522.SH,1
2014-01-02,600523.SH,1
2014-01-02,600525.SH,1
2014-01-02,600526.SH,1
2014-01-02,600527.SH,1
2014-01-02,600528.SH,1
2014-01-02,600529.SH,1
2014-01-02,600530.SH,1
2014-01-02,600531.SH,1
2014-01-02,600532.SH,1
2014-01-02,600533.SH,1
2014-01-02,600535.SH,1
2014-01-02,600536.SH,1
2014-01-02,600537.SH,1
2014-01-02,600538.SH,1
2014-01-02,600539.SH,1
2014-01-02,600540.SH,1
2014-01-02,600543.SH,1
2014-01-02,600545.SH,1
2014-01-02,600546.SH,1
2014-01-02,600547.SH,1
2014-01-02,600548.SH,1
2014-01-02,600549.SH,1
2014-01-02,600550.SH,1
2014-01-02,600551.SH,1
2014-01-02,600552.SH,1
2014-01-02,600555.SH,1
2014-01-02,600556.SH,1
2014-01-02,600557.SH,1
2014-01-02,600558.SH,1
2014-01-02,600559.SH,1
2014-01-02,600560.SH,1
2014-01-02,600561.SH,1
2014-01-02,600562.SH,1
2014-01-02,600563.SH,1
2014-01-02,600565.SH,1
2014-01-02,600566.SH,1
2014-01-02,600567.SH,1
2014-01-02,600568.SH,1
2014-01-02,600569.SH,1
2014-01-02,600570.SH,1
2014-01-02,600571.SH,1
2014-01-02,600572.SH,0
2014-01-02,600573.SH,1
2014-01-02,600575.SH,1
2014-01-02,600576.SH,0
2014-01-02,600577.SH,1
2014-01-02,600578.SH,1
2014-01-02,600579.SH,1
2014-01-02,600580.SH,1
2014-01-02,600581.SH,1
2014-01-02,600582.SH,1
2014-01-02,600583.SH,1
2014-01-02,600584.SH,1
2014-01-02,600585.SH,1
2014-01-02,600586.SH,1
2014-01-02,600587.SH,1
2014-01-02,600588.SH,1
2014-01-02,600589.SH,1
2014-01-02,600590.SH,1
2014-01-02,600592.SH,1
2014-01-02,600593.SH,1
2014-01-02,600594.SH,1
2014-01-02,600595.SH,1
2014-01-02,600596.SH,1
2014-01-02,600597.SH,1
2014-01-02,600598.SH,1
2014-01-02,600599.SH,0
2014-01-02,600600.SH,1
2014-01-02,600601.SH,1
2014-01-02,600602.SH,1
2014-01-02,600603.SH,0
2014-01-02,600604.SH,1
2014-01-02,600605.SH,1
2014-01-02,600606.SH,0
2014-01-02,600608.SH,1
2014-01-02,600609.SH,1
2014-01-02,600610.SH,1
2014-01-02,600611.SH,1
2014-01-02,600612.SH,1
2014-01-02,600613.SH,1
2014-01-02,600614.SH,1
2014-01-02,600615.SH,1
2014-01-02,600616.SH,1
2014-01-02,600617.SH,1
2014-01-02,600618.SH,1
2014-01-02,600619.SH,1
2014-01-02,600620.SH,1
2014-01-02,600621.SH,1
2014-01-02,600622.SH,1
2014-01-02,600623.SH,1
2014-01-02,600624.SH,1
2014-01-02,600626.SH,1
2014-01-02,600628.SH,1
2014-01-02,600629.SH,1
2014-01-02,600630.SH,1
2014-01-02,600633.SH,1
2014-01-02,600634.SH,1
2014-01-02,600635.SH,1
2014-01-02,600636.SH,1
2014-01-02,600637.SH,1
2014-01-02,600638.SH,1
2014-01-02,600639.SH,0
2014-01-02,600640.SH,1
2014-01-02,600641.SH,1
2014-01-02,600642.SH,1
2014-01-02,600643.SH,1
2014-01-02,600644.SH,1
2014-01-02,600645.SH,1
2014-01-02,600647.SH,1
2014-01-02,600648.SH,1
2014-01-02,600649.SH,1
2014-01-02,600650.SH,1
2014-01-02,600651.SH,1
2014-01-02,600652.SH,0
2014-01-02,600653.SH,1
2014-01-02,600654.SH,1
2014-01-02,600655.SH,1
2014-01-02,600656.SH,1
2014-01-02,600657.SH,1
2014-01-02,600658.SH,1
2014-01-02,600660.SH,1
2014-01-02,600661.SH,1
2014-01-02,600662.SH,1
2014-01-02,600663.SH,1
2014-01-02,600664.SH,1
2014-01-02,600665.SH,1
2014-01-02,600666.SH,1
2014-01-02,600667.SH,1
2014-01-02,600668.SH,1
2014-01-02,600671.SH,1
2014-01-02,600673.SH,1
2014-01-02,600674.SH,1
2014-01-02,600675.SH,1
2014-01-02,600676.SH,1
2014-01-02,600677.SH,1
2014-01-02,600678.SH,1
2014-01-02,600679.SH,1
2014-01-02,600680.SH,1
2014-01-02,600681.SH,1
2014-01-02,600682.SH,1
2014-01-02,600683.SH,1
2014-01-02,600684.SH,1
2014-01-02,600685.SH,1
2014-01-02,600686.SH,0
2014-01-02,600687.SH,1
2014-01-02,600688.SH,1
2014-01-02,600689.SH,1
2014-01-02,600690.SH,1
2014-01-02,600691.SH,1
2014-01-02,600692.SH,1
2014-01-02,600693.SH,1
2014-01-02,600694.SH,1
2014-01-02,600695.SH,1
2014-01-02,600696.SH,1
2014-01-02,600697.SH,1
2014-01-02,600698.SH,1
2014-01-02,600699.SH,1
2014-01-02,600701.SH,1
2014-01-02,600702.SH,1
2014-01-02,600703.SH,1
2014-01-02,600704.SH,1
2014-01-02,600705.SH,1
2014-01-02,600706.SH,1
2014-01-02,600707.SH,1
2014-01-02,600708.SH,1
2014-01-02,600710.SH,1
2014-01-02,600711.SH,1
2014-01-02,600712.SH,1
2014-01-02,600713.SH,1
2014-01-02,600714.SH,1
2014-01-02,600715.SH,1
2014-01-02,600716.SH,1
2014-01-02,600717.SH,1
2014-01-02,600718.SH,1
2014-01-02,600719.SH,1
2014-01-02,600720.SH,1
2014-01-02,600721.SH,1
2014-01-02,600722.SH,1
2014-01-02,600723.SH,1
2014-01-02,600724.SH,1
2014-01-02,600725.SH,1
2014-01-02,600726.SH,1
2014-01-02,600727.SH,0
2014-01-02,600728.SH,1
2014-01-02,600729.SH,1
2014-01-02,600730.SH,1
2014-01-02,600731.SH,1
2014-01-02,600732.SH,0
2014-01-02,600733.SH,1
2014-01-02,600734.SH,0
2014-01-02,600735.SH,1
2014-01-02,600736.SH,1
2014-01-02,600737.SH,1
2014-01-02,600738.SH,1
2014-01-02,600739.SH,1
2014-01-02,600740.SH,1
2014-01-02,600741.SH,1
2014-01-02,600742.SH,1
2014-01-02,600743.SH,1
2014-01-02,600744.SH,1
2014-01-02,600745.SH,1
2014-01-02,600746.SH,1
2014-01-02,600747.SH,1
2014-01-02,600748.SH,1
2014-01-02,600749.SH,1
2014-01-02,600750.SH,1
2014-01-02,600751.SH,1
2014-01-02,600753.SH,1
2014-01-02,600754.SH,1
2014-01-02,600755.SH,1
2014-01-02,600756.SH,1
2014-01-02,600757.SH,1
2014-01-02,600758.SH,1
2014-01-02,600759.SH,1
2014-01-02,600760.SH,1
2014-01-02,600761.SH,1
2014-01-02,600763.SH,1
2014-01-02,600764.SH,1
2014-01-02,600765.SH,1
2014-01-02,600766.SH,1
2014-01-02,600767.SH,1
2014-01-02,600768.SH,1
2014-01-02,600769.SH,1
2014-01-02,600770.SH,1
2014-01-02,600771.SH,1
2014-01-02,600773.SH,1
2014-01-02,600774.SH,1
2014-01-02,600775.SH,1
2014-01-02,600776.SH,1
2014-01-02,600777.SH,1
2014-01-02,600778.SH,1
2014-01-02,600779.SH,1
2014-01-02,600780.SH,1
2014-01-02,600781.SH,1
2014-01-02,600782.SH,1
2014-01-02,600783.SH,1
2014-01-02,600784.SH,1
2014-01-02,600785.SH,1
2014-01-02,600787.SH,1
2014-01-02,600789.SH,1
2014-01-02,600790.SH,1
2014-01-02,600791.SH,1
2014-01-02,600792.SH,1
2014-01-02,600793.SH,1
2014-01-02,600794.SH,1
2014-01-02,600795.SH,1
2014-01-02,600796.SH,1
2014-01-02,600797.SH,1
2014-01-02,600798.SH,1
2014-01-02,600800.SH,1
2014-01-02,600801.SH,1
2014-01-02,600802.SH,1
2014-01-02,600803.SH,1
2014-01-02,600804.SH,1
2014-01-02,600805.SH,1
2014-01-02,600806.SH,1
2014-01-02,600807.SH,1
2014-01-02,600808.SH,1
2014-01-02,600809.SH,1
2014-01-02,600810.SH,1
2014-01-02,600811.SH,1
2014-01-02,600812.SH,1
2014-01-02,600814.SH,1
2014-01-02,600815.SH,1
2014-01-02,600816.SH,1
2014-01-02,600817.SH,1
2014-01-02,600818.SH,1
2014-01-02,600819.SH,1
2014-01-02,600820.SH,1
2014-01-02,600821.SH,1
2014-01-02,600822.SH,1
2014-01-02,600823.SH,1
2014-01-02,600824.SH,1
2014-01-02,600825.SH,1
2014-01-02,600826.SH,1
2014-01-02,600827.SH,1
2014-01-02,600828.SH,1
2014-01-02,600829.SH,1
2014-01-02,600830.SH,1
2014-01-02,600831.SH,1
2014-01-02,600832.SH,1
2014-01-02,600833.SH,1
2014-01-02,600834.SH,1
2014-01-02,600835.SH,1
2014-01-02,600836.SH,1
2014-01-02,600837.SH,1
2014-01-02,600838.SH,1
2014-01-02,600839.SH,1
2014-01-02,600841.SH,1
2014-01-02,600843.SH,1
2014-01-02,600844.SH,1
2014-01-02,600845.SH,1
2014-01-02,600846.SH,1
2014-01-02,600847.SH,1
2014-01-02,600848.SH,1
2014-01-02,600850.SH,1
2014-01-02,600851.SH,1
2014-01-02,600853.SH,1
2014-01-02,600854.SH,1
2014-01-02,600855.SH,1
2014-01-02,600856.SH,0
2014-01-02,600857.SH,1
2014-01-02,600858.SH,1
2014-01-02,600859.SH,1
2014-01-02,600860.SH,1
2014-01-02,600861.SH,1
2014-01-02,600862.SH,1
2014-01-02,600863.SH,1
2014-01-02,600864.SH,1
2014-01-02,600865.SH,1
2014-01-02,600866.SH,1
2014-01-02,600867.SH,1
2014-01-02,600868.SH,1
2014-01-02,600869.SH,1
2014-01-02,600870.SH,1
2014-01-02,600871.SH,1
2014-01-02,600872.SH,1
2014-01-02,600873.SH,1
2014-01-02,600874.SH,1
2014-01-02,600875.SH,1
2014-01-02,600876.SH,1
2014-01-02,600877.SH,1
2014-01-02,600879.SH,1
2014-01-02,600880.SH,1
2014-01-02,600881.SH,1
2014-01-02,600882.SH,1
2014-01-02,600883.SH,1
2014-01-02,600884.SH,1
2014-01-02,600885.SH,1
2014-01-02,600886.SH,1
2014-01-02,600887.SH,1
2014-01-02,600888.SH,1
2014-01-02,600889.SH,1
2014-01-02,600890.SH,1
2014-01-02,600891.SH,1
2014-01-02,600892.SH,1
2014-01-02,600893.SH,1
2014-01-02,600894.SH,1
2014-01-02,600895.SH,1
2014-01-02,600896.SH,1
2014-01-02,600897.SH,1
2014-01-02,600898.SH,1
2014-01-02,600900.SH,1
2014-01-02,600960.SH,1
2014-01-02,600961.SH,1
2014-01-02,600962.SH,1
2014-01-02,600963.SH,1
2014-01-02,600965.SH,1
2014-01-02,600966.SH,1
2014-01-02,600967.SH,1
2014-01-02,600969.SH,1
2014-01-02,600970.SH,1
2014-01-02,600971.SH,1
2014-01-02,600973.SH,1
2014-01-02,600975.SH,1
2014-01-02,600976.SH,1
2014-01-02,600978.SH,1
2014-01-02,600979.SH,1
2014-01-02,600980.SH,1
2014-01-02,600981.SH,1
2014-01-02,600982.SH,1
2014-01-02,600983.SH,1
2014-01-02,600984.SH,1
2014-01-02,600985.SH,1
2014-01-02,600986.SH,1
2014-01-02,600987.SH,1
2014-01-02,600988.SH,1
2014-01-02,600990.SH,1
2014-01-02,600992.SH,1
2014-01-02,600993.SH,1
2014-01-02,600995.SH,1
2014-01-02,600997.SH,1
2014-01-02,600998.SH,1
2014-01-02,600999.SH,1
2014-01-02,601000.SH,1
2014-01-02,601001.SH,1
2014-01-02,601002.SH,1
2014-01-02,601003.SH,1
2014-01-02,601005.SH,1
2014-01-02,601006.SH,1
2014-01-02,601007.SH,1
2014-01-02,601008.SH,1
2014-01-02,601009.SH,1
2014-01-02,601010.SH,1
2014-01-02,601011.SH,1
2014-01-02,601012.SH,0
2014-01-02,601018.SH,1
2014-01-02,601028.SH,1
2014-01-02,601038.SH,1
2014-01-02,601058.SH,1
2014-01-02,601088.SH,1
2014-01-02,601098.SH,1
2014-01-02,601099.SH,1
2014-01-02,601100.SH,1
2014-01-02,601101.SH,1
2014-01-02,601106.SH,1
2014-01-02,601107.SH,1
2014-01-02,601111.SH,1
2014-01-02,601113.SH,1
2014-01-02,601116.SH,1
2014-01-02,601117.SH,1
2014-01-02,601118.SH,1
2014-01-02,601126.SH,1
2014-01-02,601137.SH,1
2014-01-02,601139.SH,1
2014-01-02,601158.SH,1
2014-01-02,601166.SH,1
2014-01-02,601168.SH,1
2014-01-02,601169.SH,1
2014-01-02,601177.SH,1
2014-01-02,601179.SH,1
2014-01-02,601186.SH,1
2014-01-02,601188.SH,1
2014-01-02,601199.SH,1
2014-01-02,601208.SH,1
2014-01-02,601216.SH,1
2014-01-02,601218.SH,1
2014-01-02,601222.SH,1
2014-01-02,601231.SH,1
2014-01-02,601233.SH,1
2014-01-02,601238.SH,1
2014-01-02,601258.SH,1
2014-01-02,601268.SH,1
2014-01-02,601288.SH,1
2014-01-02,601299.SH,1
2014-01-02,601311.SH,1
2014-01-02,601318.SH,1
2014-01-02,601328.SH,1
2014-01-02,601333.SH,1
2014-01-02,601336.SH,1
2014-01-02,601339.SH,1
2014-01-02,601360.SH,1
2014-01-02,601369.SH,1
2014-01-02,601377.SH,1
2014-01-02,601388.SH,1
2014-01-02,601390.SH,1
2014-01-02,601398.SH,1
2014-01-02,601515.SH,1
2014-01-02,601518.SH,1
2014-01-02,601519.SH,1
2014-01-02,601555.SH,1
2014-01-02,601558.SH,1
2014-01-02,601566.SH,1
2014-01-02,601567.SH,1
2014-01-02,601588.SH,1
2014-01-02,601599.SH,1
2014-01-02,601600.SH,1
2014-01-02,601601.SH,1
2014-01-02,601607.SH,1
2014-01-02,601608.SH,1
2014-01-02,601616.SH,1
2014-01-02,601618.SH,1
2014-01-02,601628.SH,1
2014-01-02,601633.SH,1
2014-01-02,601636.SH,1
2014-01-02,601666.SH,1
2014-01-02,601668.SH,1
2014-01-02,601669.SH,1
2014-01-02,601677.SH,1
2014-01-02,601678.SH,1
2014-01-02,601688.SH,1
2014-01-02,601699.SH,1
2014-01-02,601700.SH,1
2014-01-02,601717.SH,1
2014-01-02,601718.SH,1
2014-01-02,601727.SH,1
2014-01-02,601766.SH,1
2014-01-02,601777.SH,1
2014-01-02,601788.SH,1
2014-01-02,601789.SH,1
2014-01-02,601798.SH,1
2014-01-02,601799.SH,1
2014-01-02,601800.SH,1
2014-01-02,601801.SH,1
2014-01-02,601808.SH,1
2014-01-02,601818.SH,1
2014-01-02,601857.SH,1
2014-01-02,601866.SH,1
2014-01-02,601872.SH,1
2014-01-02,601877.SH,1
2014-01-02,601880.SH,1
2014-01-02,601886.SH,1
2014-01-02,601888.SH,1
2014-01-02,601890.SH,1
2014-01-02,601898.SH,1
2014-01-02,601899.SH,1
2014-01-02,601901.SH,0
2014-01-02,601908.SH,1
2014-01-02,601918.SH,1
2014-01-02,601919.SH,1
2014-01-02,601928.SH,1
2014-01-02,601929.SH,1
2014-01-02,601933.SH,1
2014-01-02,601939.SH,1
2014-01-02,601958.SH,1
2014-01-02,601965.SH,1
2014-01-02,601988.SH,1
2014-01-02,601989.SH,1
2014-01-02,601991.SH,1
2014-01-02,601992.SH,1
2014-01-02,601996.SH,1
2014-01-02,601998.SH,1
2014-01-02,601999.SH,1
2014-01-02,603000.SH,1
2014-01-02,603001.SH,1
2014-01-02,603002.SH,1
2014-01-02,603003.SH,1
2014-01-02,603008.SH,1
2014-01-02,603077.SH,1
2014-01-02,603123.SH,1
2014-01-02,603128.SH,1
2014-01-02,603167.SH,1
2014-01-02,603333.SH,1
2014-01-02,603366.SH,1
2014-01-02,603399.SH,1
2014-01-02,603766.SH,1
2014-01-02,603993.SH,1
