symbol,snapshot_date,exchange,snapshot_trade_status,cohort,rows,first_date,last_date,error
600080.SH,2010-01-04,SH,1,older_point_in_time_development,2191,2010-01-04,2019-01-07,
600081.SH,2010-01-04,SH,1,older_point_in_time_development,2191,2010-01-04,2019-01-07,
600182.SH,2010-01-04,SH,1,older_point_in_time_development,2191,2010-01-04,2019-01-07,
600206.SH,2010-01-04,SH,1,older_point_in_time_development,2191,2010-01-04,2019-01-07,
600223.SH,2010-01-04,SH,1,older_point_in_time_development,2191,2010-01-04,2019-01-07,
600275.SH,2010-01-04,SH,1,older_point_in_time_development,2191,2010-01-04,2019-01-07,
600332.SH,2010-01-04,SH,1,older_point_in_time_development,2191,2010-01-04,2019-01-07,
600396.SH,2010-01-04,SH,1,older_point_in_time_development,2191,2010-01-04,2019-01-07,
600510.SH,2010-01-04,SH,1,older_point_in_time_development,2191,2010-01-04,2019-01-07,
600517.SH,2010-01-04,SH,1,older_point_in_time_development,2191,2010-01-04,2019-01-07,
600562.SH,2010-01-04,SH,1,older_point_in_time_development,2191,2010-01-04,2019-01-07,
600580.SH,2010-01-04,SH,1,older_point_in_time_development,2191,2010-01-04,2019-01-07,
600604.SH,2010-01-04,SH,1,older_point_in_time_development,2191,2010-01-04,2019-01-07,
600621.SH,2010-01-04,SH,1,older_point_in_time_development,2191,2010-01-04,2019-01-07,
600639.SH,2010-01-04,SH,1,older_point_in_time_development,2191,2010-01-04,2019-01-07,
600643.SH,2010-01-04,SH,1,older_point_in_time_development,2191,2010-01-04,2019-01-07,
600657.SH,2010-01-04,SH,1,older_point_in_time_development,2191,2010-01-04,2019-01-07,
600715.SH,2010-01-04,SH,1,older_point_in_time_development,2191,2010-01-04,2019-01-07,
600736.SH,2010-01-04,SH,1,older_point_in_time_development,2191,2010-01-04,2019-01-07,
600828.SH,2010-01-04,SH,1,older_point_in_time_development,2191,2010-01-04,2019-01-07,
600870.SH,2010-01-04,SH,0,older_point_in_time_development,2191,2010-01-04,2019-01-07,
600877.SH,2010-01-04,SH,1,older_point_in_time_development,2191,2010-01-04,2019-01-07,
600966.SH,2010-01-04,SH,1,older_point_in_time_development,2191,2010-01-04,2019-01-07,
600997.SH,2010-01-04,SH,1,older_point_in_time_development,2191,2010-01-04,2019-01-07,
601808.SH,2010-01-04,SH,1,older_point_in_time_development,2191,2010-01-04,2019-01-07,
000007.SZ,2010-01-04,SZ,1,older_point_in_time_development,2191,2010-01-04,2019-01-07,
000019.SZ,2010-01-04,SZ,1,older_point_in_time_development,2191,2010-01-04,2019-01-07,
000021.SZ,2010-01-04,SZ,1,older_point_in_time_development,2191,2010-01-04,2019-01-07,
000038.SZ,2010-01-04,SZ,0,older_point_in_time_development,2191,2010-01-04,2019-01-07,
000514.SZ,2010-01-04,SZ,1,older_point_in_time_development,2191,2010-01-04,2019-01-07,
000565.SZ,2010-01-04,SZ,1,older_point_in_time_development,2191,2010-01-04,2019-01-07,
000728.SZ,2010-01-04,SZ,1,older_point_in_time_development,2191,2010-01-04,2019-01-07,
000758.SZ,2010-01-04,SZ,1,older_point_in_time_development,2191,2010-01-04,2019-01-07,
000823.SZ,2010-01-04,SZ,1,older_point_in_time_development,2191,2010-01-04,2019-01-07,
000825.SZ,2010-01-04,SZ,1,older_point_in_time_development,2191,2010-01-04,2019-01-07,
000852.SZ,2010-01-04,SZ,1,older_point_in_time_development,2191,2010-01-04,2019-01-07,
000878.SZ,2010-01-04,SZ,1,older_point_in_time_development,2191,2010-01-04,2019-01-07,
000883.SZ,2010-01-04,SZ,1,older_point_in_time_development,2191,2010-01-04,2019-01-07,
000957.SZ,2010-01-04,SZ,1,older_point_in_time_development,2191,2010-01-04,2019-01-07,
002028.SZ,2010-01-04,SZ,1,older_point_in_time_development,2191,2010-01-04,2019-01-07,
002064.SZ,2010-01-04,SZ,1,older_point_in_time_development,2191,2010-01-04,2019-01-07,
002106.SZ,2010-01-04,SZ,1,older_point_in_time_development,2191,2010-01-04,2019-01-07,
002166.SZ,2010-01-04,SZ,1,older_point_in_time_development,2191,2010-01-04,2019-01-07,
002169.SZ,2010-01-04,SZ,1,older_point_in_time_development,2191,2010-01-04,2019-01-07,
002181.SZ,2010-01-04,SZ,1,older_point_in_time_development,2191,2010-01-04,2019-01-07,
002196.SZ,2010-01-04,SZ,1,older_point_in_time_development,2191,2010-01-04,2019-01-07,
002272.SZ,2010-01-04,SZ,1,older_point_in_time_development,2191,2010-01-04,2019-01-07,
002286.SZ,2010-01-04,SZ,1,older_point_in_time_development,2191,2010-01-04,2019-01-07,
002311.SZ,2010-01-04,SZ,1,older_point_in_time_development,2191,2010-01-04,2019-01-07,
002316.SZ,2010-01-04,SZ,1,older_point_in_time_development,2191,2010-01-04,2019-01-07,
600126.SH,2014-01-02,SH,1,older_point_in_time_development,1224,2014-01-02,2019-01-07,
600131.SH,2014-01-02,SH,1,older_point_in_time_development,1224,2014-01-02,2019-01-07,
600200.SH,2014-01-02,SH,1,older_point_in_time_development,1224,2014-01-02,2019-01-07,
600242.SH,2014-01-02,SH,1,older_point_in_time_development,1224,2014-01-02,2019-01-07,
600388.SH,2014-01-02,SH,1,older_point_in_time_development,1224,2014-01-02,2019-01-07,
600395.SH,2014-01-02,SH,1,older_point_in_time_development,1224,2014-01-02,2019-01-07,
600420.SH,2014-01-02,SH,1,older_point_in_time_development,1224,2014-01-02,2019-01-07,
600516.SH,2014-01-02,SH,1,older_point_in_time_development,1224,2014-01-02,2019-01-07,
600537.SH,2014-01-02,SH,1,older_point_in_time_development,1224,2014-01-02,2019-01-07,
600614.SH,2014-01-02,SH,1,older_point_in_time_development,1224,2014-01-02,2019-01-07,
600746.SH,2014-01-02,SH,1,older_point_in_time_development,1224,2014-01-02,2019-01-07,
600763.SH,2014-01-02,SH,1,older_point_in_time_development,1224,2014-01-02,2019-01-07,
600792.SH,2014-01-02,SH,1,older_point_in_time_development,1224,2014-01-02,2019-01-07,
600826.SH,2014-01-02,SH,1,older_point_in_time_development,1224,2014-01-02,2019-01-07,
600829.SH,2014-01-02,SH,1,older_point_in_time_development,1224,2014-01-02,2019-01-07,
600844.SH,2014-01-02,SH,1,older_point_in_time_development,1224,2014-01-02,2019-01-07,
600850.SH,2014-01-02,SH,1,older_point_in_time_development,1224,2014-01-02,2019-01-07,
600853.SH,2014-01-02,SH,1,older_point_in_time_development,1224,2014-01-02,2019-01-07,
600887.SH,2014-01-02,SH,1,older_point_in_time_development,1224,2014-01-02,2019-01-07,
600892.SH,2014-01-02,SH,1,older_point_in_time_development,1224,2014-01-02,2019-01-07,
600963.SH,2014-01-02,SH,1,older_point_in_time_development,1224,2014-01-02,2019-01-07,
600978.SH,2014-01-02,SH,1,older_point_in_time_development,1224,2014-01-02,2019-01-07,
601028.SH,2014-01-02,SH,1,older_point_in_time_development,1224,2014-01-02,2019-01-07,
601231.SH,2014-01-02,SH,1,older_point_in_time_development,1224,2014-01-02,2019-01-07,
601872.SH,2014-01-02,SH,1,older_point_in_time_development,1224,2014-01-02,2019-01-07,
000027.SZ,2014-01-02,SZ,1,older_point_in_time_development,1224,2014-01-02,2019-01-07,
000055.SZ,2014-01-02,SZ,1,older_point_in_time_development,1224,2014-01-02,2019-01-07,
000401.SZ,2014-01-02,SZ,1,older_point_in_time_development,1224,2014-01-02,2019-01-07,
000411.SZ,2014-01-02,SZ,1,older_point_in_time_development,1224,2014-01-02,2019-01-07,
000423.SZ,2014-01-02,SZ,1,older_point_in_time_development,1224,2014-01-02,2019-01-07,
000429.SZ,2014-01-02,SZ,1,older_point_in_time_development,1224,2014-01-02,2019-01-07,
000488.SZ,2014-01-02,SZ,1,older_point_in_time_development,1224,2014-01-02,2019-01-07,
000701.SZ,2014-01-02,SZ,1,older_point_in_time_development,1224,2014-01-02,2019-01-07,
000755.SZ,2014-01-02,SZ,1,older_point_in_time_development,1224,2014-01-02,2019-01-07,
000788.SZ,2014-01-02,SZ,1,older_point_in_time_development,1224,2014-01-02,2019-01-07,
000890.SZ,2014-01-02,SZ,1,older_point_in_time_development,1224,2014-01-02,2019-01-07,
000968.SZ,2014-01-02,SZ,1,older_point_in_time_development,1224,2014-01-02,2019-01-07,
002120.SZ,2014-01-02,SZ,1,older_point_in_time_development,1224,2014-01-02,2019-01-07,
002143.SZ,2014-01-02,SZ,0,older_point_in_time_development,1224,2014-01-02,2019-01-07,
002338.SZ,2014-01-02,SZ,1,older_point_in_time_development,1224,2014-01-02,2019-01-07,
002345.SZ,2014-01-02,SZ,1,older_point_in_time_development,1224,2014-01-02,2019-01-07,
002352.SZ,2014-01-02,SZ,1,older_point_in_time_development,1224,2014-01-02,2019-01-07,
002362.SZ,2014-01-02,SZ,1,older_point_in_time_development,1224,2014-01-02,2019-01-07,
002411.SZ,2014-01-02,SZ,1,older_point_in_time_development,1224,2014-01-02,2019-01-07,
002456.SZ,2014-01-02,SZ,1,older_point_in_time_development,1224,2014-01-02,2019-01-07,
002605.SZ,2014-01-02,SZ,1,older_point_in_time_development,1224,2014-01-02,2019-01-07,
002608.SZ,2014-01-02,SZ,1,older_point_in_time_development,1224,2014-01-02,2019-01-07,
002624.SZ,2014-01-02,SZ,1,older_point_in_time_development,1224,2014-01-02,2019-01-07,
002657.SZ,2014-01-02,SZ,1,older_point_in_time_development,1224,2014-01-02,2019-01-07,
002694.SZ,2014-01-02,SZ,1,older_point_in_time_development,1224,2014-01-02,2019-01-07,
